year,month,day,region,iso_country_code,total_visits,total_devices_seen,total_home_visits,total_home_visitors
2019,7,1,ALL,"",59276833,18257791,22907283,14014360
2019,7,1,ALL_CA,CA,311046,245678,311046,245678
2019,7,1,ALL_US,US,58965787,18012839,22596237,13768691
2019,7,1,ab,CA,38059,30815,38059,30815
2019,7,1,ak,US,86907,30241,30503,20623
2019,7,1,al,US,1229074,361121,480417,282769
2019,7,1,ar,US,652294,200348,268252,157917
2019,7,1,as,US,50,43,41,37
2019,7,1,az,US,1040515,333891,396778,256227
2019,7,1,bc,CA,44608,35977,44608,35977
2019,7,1,ca,US,6148847,1820263,2175582,1382042
2019,7,1,co,US,996776,323277,345028,219460
2019,7,1,ct,US,515494,174950,209947,125326
2019,7,1,dc,US,138539,62101,0,0
2019,7,1,de,US,162808,56474,59870,36892
2019,7,1,fl,US,4532649,1310767,1582133,949418
2019,7,1,ga,US,2331989,692377,870320,517720
2019,7,1,gu,US,1115,605,536,416
2019,7,1,hi,US,287683,77114,76238,51148
2019,7,1,ia,US,618023,200831,267468,156933
2019,7,1,id,US,253182,84406,103566,63203
2019,7,1,il,US,2401875,785664,941043,571280
2019,7,1,in,US,1164387,384174,484643,290656
2019,7,1,ks,US,594110,193050,254916,150040
2019,7,1,ky,US,783422,264653,324042,195976
2019,7,1,la,US,981121,298188,388973,230440
2019,7,1,ma,US,941549,324584,353178,216562
2019,7,1,mb,CA,9321,7412,9321,7412
2019,7,1,md,US,968846,322823,374558,230662
2019,7,1,me,US,166088,59413,67014,41714
2019,7,1,mi,US,1665270,566861,711705,432367
2019,7,1,mn,US,884814,327266,364976,233574
2019,7,1,mo,US,1288397,408156,508674,304019
2019,7,1,mp,US,442,305,441,305
2019,7,1,ms,US,651794,197627,266497,156819
2019,7,1,mt,US,138881,47967,52064,32802
2019,7,1,nb,CA,5109,4060,5109,4060
2019,7,1,nc,US,2020917,639453,803200,481771
2019,7,1,nd,US,136658,46789,57531,35062
2019,7,1,ne,US,411773,133877,175912,103919
2019,7,1,nh,US,196480,70237,79291,47714
2019,7,1,nj,US,1683239,529312,662593,389109
2019,7,1,nl,CA,2994,2377,2994,2377
2019,7,1,nm,US,256359,91978,100747,64556
2019,7,1,ns,CA,6846,5437,6846,5437
2019,7,1,nt,CA,237,198,237,198
2019,7,1,nu,CA,96,79,96,79
2019,7,1,nv,US,672894,182277,189624,122545
2019,7,1,ny,US,3242010,1050806,1175918,723979
2019,7,1,oh,US,2070230,679423,867024,517788
2019,7,1,ok,US,880355,260147,353385,204910
2019,7,1,on,CA,135980,105555,135980,105555
2019,7,1,or,US,613331,211455,226453,148116
2019,7,1,pa,US,1905871,648939,779695,476806
2019,7,1,pe,CA,1054,839,1054,839
2019,7,1,pr,US,93397,50158,57648,41179
2019,7,1,qc,CA,58308,46011,58308,46011
2019,7,1,ri,US,155999,54291,58646,35464
2019,7,1,sc,US,1066328,328454,398849,236071
2019,7,1,sd,US,145870,50271,58599,35737
2019,7,1,sk,CA,8197,6722,8197,6722
2019,7,1,tn,US,1398220,434197,535248,321629
2019,7,1,tx,US,6073604,1814946,2322832,1398464
2019,7,1,ut,US,505348,158983,195906,117507
2019,7,1,va,US,1364350,432832,536318,322877
2019,7,1,vi,US,196,130,0,0
2019,7,1,vt,US,66718,26157,28870,18521
2019,7,1,wa,US,1061344,359239,408496,266905
2019,7,1,wi,US,965980,346621,417600,260582
2019,7,1,wv,US,263286,96194,113782,71068
2019,7,1,wy,US,88089,31775,32667,20378
2019,7,1,yt,CA,237,198,237,198
2019,7,2,ALL,"",61711347,18731651,24881291,14548330
2019,7,2,ALL_CA,CA,364227,267193,364227,267193
2019,7,2,ALL_US,US,61347120,18465004,24517064,14281137
2019,7,2,ab,CA,42106,32496,42106,32496
2019,7,2,ak,US,90047,31405,32880,21327
2019,7,2,al,US,1280305,363593,514547,286524
2019,7,2,ar,US,680496,205712,288145,161662
2019,7,2,as,US,43,36,36,31
2019,7,2,az,US,1072718,334586,416999,255997
2019,7,2,bc,CA,50329,38822,50329,38822
2019,7,2,ca,US,6318874,1824309,2278130,1386056
2019,7,2,co,US,1030808,316699,362482,217447
2019,7,2,ct,US,536230,175684,228153,129600
2019,7,2,dc,US,139016,64077,0,0
2019,7,2,de,US,171534,58913,66463,39110
2019,7,2,fl,US,4734659,1346482,1733328,989014
2019,7,2,ga,US,2445686,698664,947341,532802
2019,7,2,gu,US,1342,745,746,593
2019,7,2,hi,US,291399,76280,78235,50757
2019,7,2,ia,US,646056,205737,291516,163991
2019,7,2,id,US,262752,85107,110439,63999
2019,7,2,il,US,2469179,804590,1029668,603321
2019,7,2,in,US,1239973,409722,547115,315940
2019,7,2,ks,US,623743,200101,278438,157429
2019,7,2,ky,US,823989,278700,363242,211272
2019,7,2,la,US,1011330,302090,419040,236017
2019,7,2,ma,US,972330,326590,384351,224604
2019,7,2,mb,CA,11349,8256,11349,8256
2019,7,2,md,US,1010022,339080,414853,245132
2019,7,2,me,US,178243,63429,75813,45051
2019,7,2,mi,US,1774782,619164,799256,473588
2019,7,2,mn,US,897763,298622,377321,224273
2019,7,2,mo,US,1348809,411648,546996,310272
2019,7,2,mp,US,581,431,578,430
2019,7,2,ms,US,672152,200090,286305,160117
2019,7,2,mt,US,142292,48361,55718,33404
2019,7,2,nb,CA,6585,4754,6585,4754
2019,7,2,nc,US,2119670,658728,877726,501894
2019,7,2,nd,US,142336,48986,63120,37216
2019,7,2,ne,US,426887,133508,186294,104317
2019,7,2,nh,US,205220,71369,87457,50231
2019,7,2,nj,US,1754068,546175,724634,408485
2019,7,2,nl,CA,3664,2674,3664,2674
2019,7,2,nm,US,268012,91598,109417,65277
2019,7,2,ns,CA,8303,6102,8303,6102
2019,7,2,nt,CA,270,210,270,210
2019,7,2,nu,CA,126,91,126,91
2019,7,2,nv,US,680568,180618,199776,123207
2019,7,2,ny,US,3346713,1071918,1279263,757156
2019,7,2,oh,US,2223349,751024,994667,579005
2019,7,2,ok,US,913266,267091,381418,211518
2019,7,2,on,CA,163843,116777,163843,116777
2019,7,2,or,US,625930,208036,237522,147652
2019,7,2,pa,US,2005590,694726,877412,519785
2019,7,2,pe,CA,1219,904,1219,904
2019,7,2,pr,US,104918,56823,69223,47705
2019,7,2,qc,CA,66823,48671,66823,48671
2019,7,2,ri,US,161853,55301,64485,37143
2019,7,2,sc,US,1117628,336594,433996,243028
2019,7,2,sd,US,151465,49298,63163,36427
2019,7,2,sk,CA,9359,7235,9359,7235
2019,7,2,tn,US,1463664,444994,583135,333779
2019,7,2,tx,US,6306580,1848687,2497624,1429595
2019,7,2,ut,US,522434,160116,208561,118566
2019,7,2,va,US,1429450,453784,587838,337719
2019,7,2,vi,US,194,133,0,0
2019,7,2,vt,US,69526,26808,32146,19627
2019,7,2,wa,US,1070241,361355,421177,267465
2019,7,2,wi,US,1000803,349187,444634,265909
2019,7,2,wv,US,279226,104745,129182,77898
2019,7,2,wy,US,90376,32213,35060,20773
2019,7,2,yt,CA,251,201,251,201
2019,7,3,ALL,"",64380136,18829471,24627851,14278505
2019,7,3,ALL_CA,CA,371927,276967,371927,276967
2019,7,3,ALL_US,US,64008209,18552962,24255924,14001538
2019,7,3,ab,CA,43554,34220,43554,34220
2019,7,3,ak,US,92021,31477,32216,20666
2019,7,3,al,US,1342564,372685,508190,281976
2019,7,3,ar,US,712254,202371,284502,156023
2019,7,3,as,US,57,41,45,32
2019,7,3,az,US,1121640,333316,417497,248556
2019,7,3,bc,CA,50895,40156,50895,40156
2019,7,3,ca,US,6614970,1818913,2287145,1351450
2019,7,3,co,US,1068788,310749,358167,208859
2019,7,3,ct,US,554282,174800,222841,125921
2019,7,3,dc,US,144508,63339,0,0
2019,7,3,de,US,180775,61127,65583,38659
2019,7,3,fl,US,4950209,1379063,1715701,977750
2019,7,3,ga,US,2551280,707970,925771,521422
2019,7,3,gu,US,1276,721,751,574
2019,7,3,hi,US,303515,75594,78250,49482
2019,7,3,ia,US,687978,220704,294930,165837
2019,7,3,id,US,272522,86213,108891,62133
2019,7,3,il,US,2603393,826079,1036504,601782
2019,7,3,in,US,1310168,422188,546016,315639
2019,7,3,ks,US,649511,202218,277184,154670
2019,7,3,ky,US,879682,296847,369770,216071
2019,7,3,la,US,1060407,299973,410621,228527
2019,7,3,ma,US,977917,315567,367212,213072
2019,7,3,mb,CA,11538,8653,11538,8653
2019,7,3,md,US,1056961,340816,404340,238455
2019,7,3,me,US,186931,62538,72448,42286
2019,7,3,mi,US,1776188,578168,738161,431619
2019,7,3,mn,US,938903,324514,383309,232491
2019,7,3,mo,US,1430159,430339,554167,313475
2019,7,3,mp,US,579,419,577,419
2019,7,3,ms,US,716470,205532,283644,157473
2019,7,3,mt,US,147258,49005,53899,32268
2019,7,3,nb,CA,6535,4772,6535,4772
2019,7,3,nc,US,2224283,676771,871789,498404
2019,7,3,nd,US,142119,50854,60527,36528
2019,7,3,ne,US,449127,141364,190797,106964
2019,7,3,nh,US,212304,71029,83335,47540
2019,7,3,nj,US,1841100,561601,717051,403140
2019,7,3,nl,CA,3912,2834,3912,2834
2019,7,3,nm,US,278483,91491,107593,63038
2019,7,3,ns,CA,8732,6364,8732,6364
2019,7,3,nt,CA,244,196,244,196
2019,7,3,nu,CA,126,86,126,86
2019,7,3,nv,US,719465,185362,200117,120583
2019,7,3,ny,US,3400611,1053874,1239301,730055
2019,7,3,oh,US,2301615,749057,968317,561903
2019,7,3,ok,US,952534,271811,380035,208232
2019,7,3,on,CA,165491,119704,165491,119704
2019,7,3,or,US,648272,206984,235605,143269
2019,7,3,pa,US,2080523,696645,859691,508462
2019,7,3,pe,CA,1293,947,1293,947
2019,7,3,pr,US,106745,55403,66512,45493
2019,7,3,qc,CA,69323,50977,69323,50977
2019,7,3,ri,US,169734,56246,63433,36220
2019,7,3,sc,US,1199049,357460,437946,244973
2019,7,3,sd,US,160309,54918,64650,37864
2019,7,3,sk,CA,10034,7849,10034,7849
2019,7,3,tn,US,1566588,467348,589654,336455
2019,7,3,tx,US,6570999,1848292,2477245,1400892
2019,7,3,ut,US,540392,159760,205509,114541
2019,7,3,va,US,1498677,464045,584994,335963
2019,7,3,vi,US,203,143,0,0
2019,7,3,vt,US,72324,27143,31067,18926
2019,7,3,wa,US,1115692,354978,418543,256512
2019,7,3,wi,US,1033477,346331,438420,258180
2019,7,3,wv,US,294749,107275,129762,78473
2019,7,3,wy,US,95669,34092,35699,21341
2019,7,3,yt,CA,250,209,250,209
2019,7,4,ALL,"",51337109,17733194,21883012,13295324
2019,7,4,ALL_CA,CA,374624,278925,374624,278925
2019,7,4,ALL_US,US,50962485,17454670,21508388,13016399
2019,7,4,ab,CA,43498,34294,43498,34294
2019,7,4,ak,US,75143,29274,29364,19053
2019,7,4,al,US,943762,339722,435042,258071
2019,7,4,ar,US,538524,194122,254737,148835
2019,7,4,as,US,37,34,30,28
2019,7,4,az,US,919861,312319,382085,230881
2019,7,4,bc,CA,50746,39966,50746,39966
2019,7,4,ca,US,5325013,1699738,2044004,1243058
2019,7,4,co,US,933087,310889,337156,202015
2019,7,4,ct,US,405883,161192,193534,119827
2019,7,4,dc,US,134110,52119,0,0
2019,7,4,de,US,152540,60140,59922,37843
2019,7,4,fl,US,4076000,1319078,1505945,917334
2019,7,4,ga,US,1977112,659576,816169,487030
2019,7,4,gu,US,1201,683,749,551
2019,7,4,hi,US,271814,75122,76595,48004
2019,7,4,ia,US,546678,197583,260050,148950
2019,7,4,id,US,225668,79374,96193,54896
2019,7,4,il,US,2073699,753263,917537,552086
2019,7,4,in,US,1049355,375449,476755,282093
2019,7,4,ks,US,498961,192502,249859,150988
2019,7,4,ky,US,701948,267071,327389,198603
2019,7,4,la,US,778967,273927,349998,209501
2019,7,4,ma,US,737667,285424,310225,195386
2019,7,4,mb,CA,11441,8561,11441,8561
2019,7,4,md,US,863816,337017,372144,235630
2019,7,4,me,US,154827,60335,63385,39235
2019,7,4,mi,US,1409523,556053,660729,408562
2019,7,4,mn,US,729966,289782,323853,202583
2019,7,4,mo,US,1127118,406142,503356,299626
2019,7,4,mp,US,561,400,560,399
2019,7,4,ms,US,519974,188684,248885,146208
2019,7,4,mt,US,120517,44518,47666,28655
2019,7,4,nb,CA,6604,4785,6604,4785
2019,7,4,nc,US,1773445,657098,798582,484092
2019,7,4,nd,US,94473,38299,44630,27659
2019,7,4,ne,US,333783,127451,165451,98324
2019,7,4,nh,US,173456,66823,72032,44174
2019,7,4,nj,US,1457939,519398,603447,368395
2019,7,4,nl,CA,3824,2829,3824,2829
2019,7,4,nm,US,228929,85189,95092,57197
2019,7,4,ns,CA,8528,6229,8528,6229
2019,7,4,nt,CA,278,203,278,203
2019,7,4,nu,CA,142,93,142,93
2019,7,4,nv,US,676289,179289,186487,112111
2019,7,4,ny,US,2635251,971497,1066452,679148
2019,7,4,oh,US,1810484,684832,868455,522993
2019,7,4,ok,US,738372,245680,332284,187755
2019,7,4,on,CA,167522,121219,167522,121219
2019,7,4,or,US,539478,191002,215712,129652
2019,7,4,pa,US,1661089,672625,775587,491911
2019,7,4,pe,CA,1297,932,1297,932
2019,7,4,pr,US,86347,50471,60129,43163
2019,7,4,qc,CA,70292,51697,70292,51697
2019,7,4,ri,US,136365,53934,55114,34682
2019,7,4,sc,US,950545,346441,392841,234588
2019,7,4,sd,US,127017,50761,55585,33988
2019,7,4,sk,CA,10173,7898,10173,7898
2019,7,4,tn,US,1212238,428823,521985,311161
2019,7,4,tx,US,5223320,1680824,2176553,1270186
2019,7,4,ut,US,459268,151500,190374,106512
2019,7,4,va,US,1219666,457660,534226,327898
2019,7,4,vi,US,157,107,0,0
2019,7,4,vt,US,61100,25896,28734,18089
2019,7,4,wa,US,883311,321448,374664,230622
2019,7,4,wi,US,866521,338078,400272,242552
2019,7,4,wv,US,235814,98719,116453,73197
2019,7,4,wy,US,84496,33531,33331,20419
2019,7,4,yt,CA,279,219,279,219
2019,7,5,ALL,"",60224829,18397804,23027904,13496215
2019,7,5,ALL_CA,CA,362315,267725,362315,267725
2019,7,5,ALL_US,US,59862514,18130538,22665589,13228490
2019,7,5,ab,CA,41768,32409,41768,32409
2019,7,5,ak,US,82670,29728,29599,19021
2019,7,5,al,US,1197686,360149,465059,262715
2019,7,5,ar,US,654707,205581,267642,151807
2019,7,5,as,US,35,26,28,24
2019,7,5,az,US,1046427,320837,387730,232262
2019,7,5,bc,CA,48684,38168,48684,38168
2019,7,5,ca,US,6203684,1790609,2159445,1279658
2019,7,5,co,US,1013622,321505,343563,207079
2019,7,5,ct,US,515500,172888,213607,123874
2019,7,5,dc,US,137073,57051,0,0
2019,7,5,de,US,179458,64623,63353,38273
2019,7,5,fl,US,4772170,1370192,1610580,927358
2019,7,5,ga,US,2405517,714030,894458,509491
2019,7,5,gu,US,1422,770,792,598
2019,7,5,hi,US,304325,75458,75569,47250
2019,7,5,ia,US,618167,199427,256613,144860
2019,7,5,id,US,242466,81970,98122,56491
2019,7,5,il,US,2391656,787860,950822,558991
2019,7,5,in,US,1229004,408261,513905,298743
2019,7,5,ks,US,597444,205785,265539,154689
2019,7,5,ky,US,838545,274921,336781,195173
2019,7,5,la,US,981727,283345,372790,208014
2019,7,5,ma,US,900933,311475,348421,207150
2019,7,5,mb,CA,10962,8158,10962,8158
2019,7,5,md,US,1009823,337904,385406,229718
2019,7,5,me,US,180685,66294,70131,42445
2019,7,5,mi,US,1662950,584692,700835,417565
2019,7,5,mn,US,838386,305931,338231,207306
2019,7,5,mo,US,1309533,425013,512802,298976
2019,7,5,mp,US,543,388,541,387
2019,7,5,ms,US,661613,198373,261762,146296
2019,7,5,mt,US,132503,46094,48791,29131
2019,7,5,nb,CA,6381,4615,6381,4615
2019,7,5,nc,US,2103602,673750,824466,476970
2019,7,5,nd,US,111815,41184,48900,29216
2019,7,5,ne,US,404129,138132,174394,102381
2019,7,5,nh,US,204248,72969,79061,46639
2019,7,5,nj,US,1741597,560172,676112,389189
2019,7,5,nl,CA,3640,2669,3640,2669
2019,7,5,nm,US,259559,89537,98845,58902
2019,7,5,ns,CA,8136,5933,8136,5933
2019,7,5,nt,CA,257,200,257,200
2019,7,5,nu,CA,135,94,135,94
2019,7,5,nv,US,733047,187460,189750,114737
2019,7,5,ny,US,3203850,1055730,1197192,713799
2019,7,5,oh,US,2141275,719320,906512,530196
2019,7,5,ok,US,863401,260462,351158,194680
2019,7,5,on,CA,161798,116616,161798,116616
2019,7,5,or,US,603244,200541,219001,133348
2019,7,5,pa,US,1998853,707223,820137,496545
2019,7,5,pe,CA,1208,884,1208,884
2019,7,5,pr,US,99205,53388,63378,43768
2019,7,5,qc,CA,69615,50445,69615,50445
2019,7,5,ri,US,164452,57841,61626,36134
2019,7,5,sc,US,1143121,362479,410591,235466
2019,7,5,sd,US,144592,52942,56018,33828
2019,7,5,sk,CA,9470,7330,9470,7330
2019,7,5,tn,US,1463803,451365,549961,315338
2019,7,5,tx,US,6076963,1722045,2275619,1276951
2019,7,5,ut,US,492120,150603,185867,104791
2019,7,5,va,US,1409471,453773,540126,314326
2019,7,5,vi,US,271,173,0,0
2019,7,5,vt,US,73924,29942,31477,19873
2019,7,5,wa,US,1014967,339829,392592,239854
2019,7,5,wi,US,943902,332113,388506,233885
2019,7,5,wv,US,272355,103396,120237,73430
2019,7,5,wy,US,84474,31694,31146,18899
2019,7,5,yt,CA,261,204,261,204
2019,7,6,ALL,"",57641755,18456604,22644282,13540476
2019,7,6,ALL_CA,CA,345742,254753,345742,254753
2019,7,6,ALL_US,US,57296013,18202260,22298540,13285723
2019,7,6,ab,CA,40948,31549,40948,31549
2019,7,6,ak,US,79556,29475,30050,19385
2019,7,6,al,US,1153832,372635,462735,266764
2019,7,6,ar,US,601558,204270,258975,151014
2019,7,6,as,US,31,25,29,23
2019,7,6,az,US,1014805,322678,391410,235549
2019,7,6,bc,CA,47621,36513,47621,36513
2019,7,6,ca,US,6033603,1797337,2134120,1279140
2019,7,6,co,US,965418,309834,332588,200649
2019,7,6,ct,US,512390,192836,224512,135431
2019,7,6,dc,US,118952,51185,0,0
2019,7,6,de,US,176185,68774,65960,40893
2019,7,6,fl,US,4584678,1394344,1588474,938094
2019,7,6,ga,US,2305943,700713,865130,499042
2019,7,6,gu,US,1430,756,803,587
2019,7,6,hi,US,293938,75232,78098,47467
2019,7,6,ia,US,565043,191313,240452,138646
2019,7,6,id,US,230872,82464,95811,56920
2019,7,6,il,US,2293318,773397,916335,545298
2019,7,6,in,US,1152900,407564,495972,296798
2019,7,6,ks,US,561542,193765,249703,146307
2019,7,6,ky,US,784031,276154,326653,195486
2019,7,6,la,US,938060,288954,365858,209860
2019,7,6,ma,US,909722,352425,375298,230700
2019,7,6,mb,CA,10281,7628,10281,7628
2019,7,6,md,US,979180,345397,384783,233437
2019,7,6,me,US,181009,73495,74177,46674
2019,7,6,mi,US,1565912,580600,683909,416880
2019,7,6,mn,US,765332,272804,312955,190448
2019,7,6,mo,US,1238989,400442,485436,282481
2019,7,6,mp,US,584,394,581,393
2019,7,6,ms,US,633832,205914,260332,148955
2019,7,6,mt,US,124283,46666,47287,29542
2019,7,6,nb,CA,6090,4380,6090,4380
2019,7,6,nc,US,2008281,668675,814281,477381
2019,7,6,nd,US,101580,38998,44962,27878
2019,7,6,ne,US,371718,127812,158657,93633
2019,7,6,nh,US,203245,80865,84174,51481
2019,7,6,nj,US,1695272,599804,683915,408744
2019,7,6,nl,CA,3430,2508,3430,2508
2019,7,6,nm,US,250013,93672,97863,60428
2019,7,6,ns,CA,7890,5721,7890,5721
2019,7,6,nt,CA,234,177,234,177
2019,7,6,nu,CA,125,90,125,90
2019,7,6,nv,US,715952,186959,189501,114687
2019,7,6,ny,US,3031475,1088884,1175978,729636
2019,7,6,oh,US,2033054,728029,892424,535131
2019,7,6,ok,US,813332,265934,342999,197774
2019,7,6,on,CA,154105,111134,154105,111134
2019,7,6,or,US,572340,199518,214368,133546
2019,7,6,pa,US,1925539,735367,825358,511001
2019,7,6,pe,CA,1138,851,1138,851
2019,7,6,pr,US,91693,50084,59842,41700
2019,7,6,qc,CA,64839,47174,64839,47174
2019,7,6,ri,US,164182,62950,65183,38995
2019,7,6,sc,US,1081834,349627,403290,232335
2019,7,6,sd,US,131592,46633,50978,30348
2019,7,6,sk,CA,8794,6842,8794,6842
2019,7,6,tn,US,1378961,451989,539483,316009
2019,7,6,tx,US,5838083,1748153,2233414,1286602
2019,7,6,ut,US,476820,151890,187537,106197
2019,7,6,va,US,1360720,467039,544707,323348
2019,7,6,vi,US,219,150,0,0
2019,7,6,vt,US,72522,32766,32275,21407
2019,7,6,wa,US,981244,336734,385024,239542
2019,7,6,wi,US,888980,329237,372493,230046
2019,7,6,wv,US,259418,106921,120655,75665
2019,7,6,wy,US,81016,32708,30753,19346
2019,7,6,yt,CA,247,186,247,186
2019,7,7,ALL,"",53629224,17921870,23946651,14045337
2019,7,7,ALL_CA,CA,350658,258533,350658,258533
2019,7,7,ALL_US,US,53278566,17663850,23595993,13786804
2019,7,7,ab,CA,41609,31954,41609,31954
2019,7,7,ak,US,79036,31170,32676,21120
2019,7,7,al,US,1095822,373532,515613,289262
2019,7,7,ar,US,576917,203248,285807,160808
2019,7,7,as,US,33,29,27,25
2019,7,7,az,US,934918,327135,406481,248580
2019,7,7,bc,CA,48726,37175,48726,37175
2019,7,7,ca,US,5671821,1802770,2215977,1340695
2019,7,7,co,US,877527,306702,354551,213618
2019,7,7,ct,US,465937,172447,215839,125672
2019,7,7,dc,US,94109,43499,0,0
2019,7,7,de,US,151520,60766,64543,39252
2019,7,7,fl,US,4116699,1333065,1651102,968413
2019,7,7,ga,US,2196951,704905,949449,535260
2019,7,7,gu,US,1320,760,826,612
2019,7,7,hi,US,273170,75216,78645,48626
2019,7,7,ia,US,536488,193272,271455,151197
2019,7,7,id,US,210106,83919,104604,62479
2019,7,7,il,US,2136467,738339,956962,552700
2019,7,7,in,US,1066257,382089,519600,295307
2019,7,7,ks,US,527245,191433,266611,152341
2019,7,7,ky,US,743241,270965,349991,201754
2019,7,7,la,US,877727,293390,402576,226279
2019,7,7,ma,US,846554,309092,368098,217715
2019,7,7,mb,CA,10659,7936,10659,7936
2019,7,7,md,US,910661,337495,402200,240747
2019,7,7,me,US,157016,60176,71615,42251
2019,7,7,mi,US,1483309,549321,737656,428868
2019,7,7,mn,US,777166,289454,374254,220995
2019,7,7,mo,US,1155851,399150,532860,301214
2019,7,7,mp,US,560,387,557,386
2019,7,7,ms,US,588213,204570,284942,158492
2019,7,7,mt,US,120482,49173,54335,34076
2019,7,7,nb,CA,5957,4362,5957,4362
2019,7,7,nc,US,1875650,667878,883293,510893
2019,7,7,nd,US,108736,45619,58414,35823
2019,7,7,ne,US,355651,130395,177884,102406
2019,7,7,nh,US,185013,70364,82940,48434
2019,7,7,nj,US,1525587,538631,682395,394723
2019,7,7,nl,CA,3468,2569,3468,2569
2019,7,7,nm,US,228158,91631,102277,63036
2019,7,7,ns,CA,7777,5682,7777,5682
2019,7,7,nt,CA,234,176,234,176
2019,7,7,nu,CA,105,73,105,73
2019,7,7,nv,US,645061,185807,194389,119000
2019,7,7,ny,US,2824783,1010183,1202034,721823
2019,7,7,oh,US,1888853,691752,931252,541390
2019,7,7,ok,US,775294,263190,370720,207973
2019,7,7,on,CA,156437,113138,156437,113138
2019,7,7,or,US,545792,199947,228778,141768
2019,7,7,pa,US,1775654,684490,841953,506703
2019,7,7,pe,CA,1112,825,1112,825
2019,7,7,pr,US,84505,49947,60130,42673
2019,7,7,qc,CA,65186,47405,65186,47405
2019,7,7,ri,US,145245,54736,61468,36078
2019,7,7,sc,US,986204,337918,433474,243468
2019,7,7,sd,US,127681,48227,60706,35227
2019,7,7,sk,CA,9141,7050,9141,7050
2019,7,7,tn,US,1285272,445013,581027,332349
2019,7,7,tx,US,5437298,1737509,2383995,1354942
2019,7,7,ut,US,398004,156301,200703,116190
2019,7,7,va,US,1262858,460107,580321,339921
2019,7,7,vi,US,135,108,0,0
2019,7,7,vt,US,58760,25512,29418,17971
2019,7,7,wa,US,927161,345704,409266,257187
2019,7,7,wi,US,842039,313431,412428,241592
2019,7,7,wv,US,238651,101480,123919,75941
2019,7,7,wy,US,77398,32540,32957,20549
2019,7,7,yt,CA,247,188,247,188
2019,7,8,ALL,"",59820715,18154895,24026699,13810060
2019,7,8,ALL_CA,CA,347768,256281,347768,256281
2019,7,8,ALL_US,US,59472947,17899170,23678931,13553779
2019,7,8,ab,CA,40357,31419,40357,31419
2019,7,8,ak,US,88350,30655,31077,20101
2019,7,8,al,US,1265920,368095,516233,283808
2019,7,8,ar,US,677542,203590,287629,157675
2019,7,8,as,US,28,27,24,23
2019,7,8,az,US,1046741,330694,403040,246261
2019,7,8,bc,CA,48062,37436,48062,37436
2019,7,8,ca,US,6142986,1818115,2197513,1334433
2019,7,8,co,US,950294,298218,347412,205618
2019,7,8,ct,US,523168,174119,222573,124807
2019,7,8,dc,US,126098,59943,0,0
2019,7,8,de,US,165596,58422,65276,38391
2019,7,8,fl,US,4563805,1349703,1692888,962446
2019,7,8,ga,US,2431560,707884,950536,526908
2019,7,8,gu,US,1391,741,791,583
2019,7,8,hi,US,282503,75525,74786,48420
2019,7,8,ia,US,616454,191191,272405,148217
2019,7,8,id,US,252916,83967,106532,61644
2019,7,8,il,US,2382264,746083,959309,539647
2019,7,8,in,US,1173514,372681,513126,285106
2019,7,8,ks,US,612313,197108,272924,150769
2019,7,8,ky,US,812960,263835,342080,193362
2019,7,8,la,US,999560,296400,409903,225596
2019,7,8,ma,US,958309,315265,378545,214720
2019,7,8,mb,CA,10654,7886,10654,7886
2019,7,8,md,US,993951,346207,402402,239062
2019,7,8,me,US,169667,58561,72020,41441
2019,7,8,mi,US,1688692,548986,743724,419740
2019,7,8,mn,US,906058,293956,379990,218272
2019,7,8,mo,US,1297969,396249,528538,294193
2019,7,8,mp,US,533,368,533,368
2019,7,8,ms,US,669320,200728,282946,155506
2019,7,8,mt,US,136658,46148,53083,31471
2019,7,8,nb,CA,6134,4396,6134,4396
2019,7,8,nc,US,2114539,672148,889754,503869
2019,7,8,nd,US,145242,52275,65211,38229
2019,7,8,ne,US,415141,134827,183140,102425
2019,7,8,nh,US,200151,68100,85647,47869
2019,7,8,nj,US,1687500,536970,700852,391334
2019,7,8,nl,CA,3561,2568,3561,2568
2019,7,8,nm,US,257684,88163,103894,61238
2019,7,8,ns,CA,8048,5841,8048,5841
2019,7,8,nt,CA,227,175,227,175
2019,7,8,nu,CA,99,70,99,70
2019,7,8,nv,US,669335,181597,192286,117807
2019,7,8,ny,US,3235462,1036004,1234395,714640
2019,7,8,oh,US,2077825,662731,904173,504920
2019,7,8,ok,US,891000,266279,373410,204289
2019,7,8,on,CA,155698,111609,155698,111609
2019,7,8,or,US,602695,200164,226619,139676
2019,7,8,pa,US,1931960,665566,825016,482159
2019,7,8,pe,CA,1180,849,1180,849
2019,7,8,pr,US,107303,56738,68532,46199
2019,7,8,qc,CA,64144,46622,64144,46622
2019,7,8,ri,US,157242,54622,62758,35579
2019,7,8,sc,US,1092172,334674,435003,240056
2019,7,8,sd,US,148144,47655,61670,34543
2019,7,8,sk,CA,9359,7220,9359,7220
2019,7,8,tn,US,1430185,434937,570187,318741
2019,7,8,tx,US,6061649,1788782,2404211,1356999
2019,7,8,ut,US,503780,157366,199128,113829
2019,7,8,va,US,1398721,459850,577390,331861
2019,7,8,vi,US,250,154,0,0
2019,7,8,vt,US,65923,24629,30120,17850
2019,7,8,wa,US,1054771,351952,409696,254441
2019,7,8,wi,US,940307,306407,415024,236235
2019,7,8,wv,US,260074,96149,119799,70947
2019,7,8,wy,US,86772,30861,33178,19456
2019,7,8,yt,CA,245,190,245,190
2019,7,9,ALL,"",60574465,17895080,23681906,13585587
2019,7,9,ALL_CA,CA,330719,246448,330719,246448
2019,7,9,ALL_US,US,60243746,17649116,23351187,13339139
2019,7,9,ab,CA,38193,29945,38193,29945
2019,7,9,ak,US,87384,30536,30876,20208
2019,7,9,al,US,1275452,365053,512033,282429
2019,7,9,ar,US,684828,197454,280454,152851
2019,7,9,as,US,54,46,45,37
2019,7,9,az,US,1075245,331939,403805,245713
2019,7,9,bc,CA,45612,36027,45612,36027
2019,7,9,ca,US,6249844,1817412,2188355,1328899
2019,7,9,co,US,963582,290492,345581,202649
2019,7,9,ct,US,524482,167990,217104,120894
2019,7,9,dc,US,138621,60798,0,0
2019,7,9,de,US,164547,54223,63065,36029
2019,7,9,fl,US,4620874,1328460,1672385,949669
2019,7,9,ga,US,2467860,698448,940205,521248
2019,7,9,gu,US,1268,730,715,569
2019,7,9,hi,US,286331,74245,73719,47637
2019,7,9,ia,US,628249,195025,274405,150390
2019,7,9,id,US,255496,82381,104753,60566
2019,7,9,il,US,2436208,749603,954368,539831
2019,7,9,in,US,1193426,371728,509279,282026
2019,7,9,ks,US,622660,195340,269245,148952
2019,7,9,ky,US,811974,260746,339039,191267
2019,7,9,la,US,1005416,293302,405322,224459
2019,7,9,ma,US,961761,309942,371024,210330
2019,7,9,mb,CA,10322,7775,10322,7775
2019,7,9,md,US,1017314,325822,391579,225980
2019,7,9,me,US,169623,57261,70734,40816
2019,7,9,mi,US,1711135,542787,736352,415466
2019,7,9,mn,US,915972,303208,380754,222740
2019,7,9,mo,US,1316976,399604,524149,294076
2019,7,9,mp,US,569,397,567,395
2019,7,9,ms,US,670111,198261,278978,153752
2019,7,9,mt,US,137175,44107,51657,30277
2019,7,9,nb,CA,5726,4151,5726,4151
2019,7,9,nc,US,2129846,653737,861982,487761
2019,7,9,nd,US,143072,50221,62460,36678
2019,7,9,ne,US,425133,131298,179459,99337
2019,7,9,nh,US,199632,67032,84035,46833
2019,7,9,nj,US,1703526,511851,686484,375728
2019,7,9,nl,CA,3376,2447,3376,2447
2019,7,9,nm,US,260419,87482,102685,60721
2019,7,9,ns,CA,7447,5546,7447,5546
2019,7,9,nt,CA,250,186,250,186
2019,7,9,nu,CA,105,75,105,75
2019,7,9,nv,US,671258,178876,190275,116878
2019,7,9,ny,US,3271314,1013561,1205829,694949
2019,7,9,oh,US,2095940,657364,890918,497488
2019,7,9,ok,US,898347,258671,364990,198885
2019,7,9,on,CA,148748,107995,148748,107995
2019,7,9,or,US,601719,199760,224460,140456
2019,7,9,pa,US,1955053,636026,804714,459582
2019,7,9,pe,CA,1109,822,1109,822
2019,7,9,pr,US,98499,52052,62425,42470
2019,7,9,qc,CA,60957,44510,60957,44510
2019,7,9,ri,US,158932,54875,61664,34722
2019,7,9,sc,US,1106877,331250,427886,236874
2019,7,9,sd,US,149352,47229,60708,34395
2019,7,9,sk,CA,8652,6801,8652,6801
2019,7,9,tn,US,1455921,427653,565211,315855
2019,7,9,tx,US,6144875,1758760,2358754,1330603
2019,7,9,ut,US,512161,155405,199069,112442
2019,7,9,va,US,1425633,435812,563851,317292
2019,7,9,vi,US,222,162,0,0
2019,7,9,vt,US,65198,23974,29290,17330
2019,7,9,wa,US,1064266,353184,407723,255577
2019,7,9,wi,US,964498,310552,417113,239263
2019,7,9,wv,US,261156,92370,116638,68300
2019,7,9,wy,US,86460,29213,32017,18565
2019,7,9,yt,CA,222,168,222,168
2019,7,10,ALL,"",61578599,18333554,23855457,13773888
2019,7,10,ALL_CA,CA,325047,238275,325047,238275
2019,7,10,ALL_US,US,61253552,18095795,23530410,13535613
2019,7,10,ab,CA,36975,28369,36975,28369
2019,7,10,ak,US,88620,30908,31065,20347
2019,7,10,al,US,1301039,372523,511090,284438
2019,7,10,ar,US,687561,203321,281629,156167
2019,7,10,as,US,58,46,45,38
2019,7,10,az,US,1085486,334476,404202,245657
2019,7,10,bc,CA,43206,33637,43206,33637
2019,7,10,ca,US,6365338,1850558,2192750,1327017
2019,7,10,co,US,984247,297019,346056,203373
2019,7,10,ct,US,533920,172146,219452,122806
2019,7,10,dc,US,145292,63753,0,0
2019,7,10,de,US,167328,55550,63704,36749
2019,7,10,fl,US,4705220,1341215,1674706,951431
2019,7,10,ga,US,2498780,710430,935705,523611
2019,7,10,gu,US,1330,736,740,570
2019,7,10,hi,US,289883,74938,74225,47617
2019,7,10,ia,US,640320,194325,270236,147949
2019,7,10,id,US,257068,83362,104602,60442
2019,7,10,il,US,2482755,774280,966047,551334
2019,7,10,in,US,1229345,392660,525263,296516
2019,7,10,ks,US,635562,206095,272160,153544
2019,7,10,ky,US,837670,266824,343771,196072
2019,7,10,la,US,1018789,313772,419671,235286
2019,7,10,ma,US,979687,320163,373467,213761
2019,7,10,mb,CA,9952,7319,9952,7319
2019,7,10,md,US,1032902,336560,395415,230343
2019,7,10,me,US,171892,58790,72152,41824
2019,7,10,mi,US,1758924,570626,758657,433017
2019,7,10,mn,US,944319,302467,377405,220214
2019,7,10,mo,US,1331523,412022,525002,298940
2019,7,10,mp,US,531,371,527,369
2019,7,10,ms,US,676073,205086,280709,157421
2019,7,10,mt,US,139268,44360,51929,30204
2019,7,10,nb,CA,5859,4172,5859,4172
2019,7,10,nc,US,2151266,660736,865420,490463
2019,7,10,nd,US,143645,47037,59704,34444
2019,7,10,ne,US,424003,131028,177891,99190
2019,7,10,nh,US,204597,68134,84934,47814
2019,7,10,nj,US,1729861,527181,691510,382068
2019,7,10,nl,CA,3394,2457,3394,2457
2019,7,10,nm,US,265282,89908,103372,61203
2019,7,10,ns,CA,7329,5337,7329,5337
2019,7,10,nt,CA,212,164,212,164
2019,7,10,nu,CA,127,84,127,84
2019,7,10,nv,US,684640,181447,190540,116556
2019,7,10,ny,US,3328371,1047622,1215924,706709
2019,7,10,oh,US,2129207,678864,911070,514791
2019,7,10,ok,US,907160,262741,364029,200054
2019,7,10,on,CA,147171,105462,147171,105462
2019,7,10,or,US,614549,201330,224684,139319
2019,7,10,pa,US,1991426,660604,817853,473938
2019,7,10,pe,CA,1112,801,1112,801
2019,7,10,pr,US,110502,57424,67551,45506
2019,7,10,qc,CA,61282,44029,61282,44029
2019,7,10,ri,US,161856,56742,61968,35337
2019,7,10,sc,US,1134583,337903,427644,237849
2019,7,10,sd,US,149917,46292,59968,33567
2019,7,10,sk,CA,8215,6291,8215,6291
2019,7,10,tn,US,1471863,438792,567240,321184
2019,7,10,tx,US,6240132,1832340,2397290,1371761
2019,7,10,ut,US,513679,157279,198714,112376
2019,7,10,va,US,1437767,447355,565605,321702
2019,7,10,vi,US,226,150,0,0
2019,7,10,vt,US,67433,25277,30440,18286
2019,7,10,wa,US,1066630,357186,404587,254564
2019,7,10,wi,US,980703,316053,419219,241143
2019,7,10,wv,US,264879,95593,118818,70363
2019,7,10,wy,US,88645,29262,32053,18369
2019,7,10,yt,CA,213,153,213,153
2019,7,11,ALL,"",61712671,18223644,23402434,13520611
2019,7,11,ALL_CA,CA,323703,238012,323703,238012
2019,7,11,ALL_US,US,61388968,17986169,23078731,13282599
2019,7,11,ab,CA,37179,28583,37179,28583
2019,7,11,ak,US,86163,30070,30256,19868
2019,7,11,al,US,1311312,374604,504349,280519
2019,7,11,ar,US,694457,197872,273970,149954
2019,7,11,as,US,36,34,30,28
2019,7,11,az,US,1080441,330535,395397,240231
2019,7,11,bc,CA,44154,34435,44154,34435
2019,7,11,ca,US,6374089,1829804,2155106,1300048
2019,7,11,co,US,978822,293546,336899,198427
2019,7,11,ct,US,535577,176122,219260,124318
2019,7,11,dc,US,142707,65964,0,0
2019,7,11,de,US,168979,60170,65424,38798
2019,7,11,fl,US,4714499,1338097,1642233,935620
2019,7,11,ga,US,2527714,714707,926463,519396
2019,7,11,gu,US,1378,742,752,570
2019,7,11,hi,US,285531,73769,72049,46525
2019,7,11,ia,US,636053,189362,261471,142248
2019,7,11,id,US,253433,81157,100759,58015
2019,7,11,il,US,2474209,745997,926233,524232
2019,7,11,in,US,1228346,376890,499989,279758
2019,7,11,ks,US,624863,190292,258020,141508
2019,7,11,ky,US,851414,272905,340804,195307
2019,7,11,la,US,1042041,303398,412390,226985
2019,7,11,ma,US,998080,330533,374586,217724
2019,7,11,mb,CA,9930,7365,9930,7365
2019,7,11,md,US,1016399,348739,396374,235432
2019,7,11,me,US,173894,60283,71847,42236
2019,7,11,mi,US,1752133,551488,726450,412530
2019,7,11,mn,US,943780,287344,360082,205792
2019,7,11,mo,US,1344592,395428,506688,282747
2019,7,11,mp,US,535,385,531,383
2019,7,11,ms,US,683803,203602,275548,153403
2019,7,11,mt,US,137690,43552,49721,29170
2019,7,11,nb,CA,5485,3965,5485,3965
2019,7,11,nc,US,2180253,677669,871096,497682
2019,7,11,nd,US,141061,44847,56938,32180
2019,7,11,ne,US,417698,125704,169153,92567
2019,7,11,nh,US,203784,71464,85869,49554
2019,7,11,nj,US,1708500,548976,693828,392033
2019,7,11,nl,CA,3114,2262,3114,2262
2019,7,11,nm,US,262015,88724,100589,59628
2019,7,11,ns,CA,7163,5245,7163,5245
2019,7,11,nt,CA,214,164,214,164
2019,7,11,nu,CA,128,89,128,89
2019,7,11,nv,US,691852,180201,185987,113854
2019,7,11,ny,US,3319999,1071120,1212219,712602
2019,7,11,oh,US,2148822,688658,895205,512038
2019,7,11,ok,US,908896,256460,355165,193286
2019,7,11,on,CA,146411,105064,146411,105064
2019,7,11,or,US,619982,197429,220620,135047
2019,7,11,pa,US,1977569,703235,825492,493828
2019,7,11,pe,CA,1033,745,1033,745
2019,7,11,pr,US,103997,53885,63449,42898
2019,7,11,qc,CA,60372,43554,60372,43554
2019,7,11,ri,US,164418,58325,61958,35646
2019,7,11,sc,US,1129669,335351,421545,234271
2019,7,11,sd,US,149316,44781,57755,31853
2019,7,11,sk,CA,8302,6365,8302,6365
2019,7,11,tn,US,1486687,443830,558668,318007
2019,7,11,tx,US,6276244,1775757,2320450,1313461
2019,7,11,ut,US,508568,153839,191266,108597
2019,7,11,va,US,1444301,462901,568876,327357
2019,7,11,vi,US,229,158,0,0
2019,7,11,vt,US,70142,27530,31514,19571
2019,7,11,wa,US,1082991,349149,398658,246767
2019,7,11,wi,US,970208,303568,397632,227253
2019,7,11,wv,US,270745,101152,119961,72917
2019,7,11,wy,US,88052,29519,31157,17930
2019,7,11,yt,CA,218,176,218,176
2019,7,12,ALL,"",63805206,17913665,22862262,13083994
2019,7,12,ALL_CA,CA,320828,235989,320828,235989
2019,7,12,ALL_US,US,63484378,17678268,22541434,12848005
2019,7,12,ab,CA,36699,28141,36699,28141
2019,7,12,ak,US,90404,30123,29953,19074
2019,7,12,al,US,1380923,385572,503291,279349
2019,7,12,ar,US,727185,205561,272722,150068
2019,7,12,as,US,53,42,49,38
2019,7,12,az,US,1137213,334543,400306,237773
2019,7,12,bc,CA,44003,34048,44003,34048
2019,7,12,ca,US,6560922,1799526,2151707,1273731
2019,7,12,co,US,1014828,293220,333266,193710
2019,7,12,ct,US,546096,170769,209512,117764
2019,7,12,dc,US,145477,60849,0,0
2019,7,12,de,US,176388,57231,59954,34460
2019,7,12,fl,US,4865029,1343413,1620122,920958
2019,7,12,ga,US,2629928,719720,915369,512939
2019,7,12,gu,US,1405,744,753,554
2019,7,12,hi,US,299360,72268,72509,45009
2019,7,12,ia,US,663800,193121,257704,140250
2019,7,12,id,US,264783,83956,100572,57586
2019,7,12,il,US,2535829,750467,909248,514111
2019,7,12,in,US,1277036,377716,487743,271027
2019,7,12,ks,US,642437,191006,252225,138211
2019,7,12,ky,US,885826,266171,327698,184206
2019,7,12,la,US,991006,310213,415346,228967
2019,7,12,ma,US,1013158,334599,364189,213771
2019,7,12,mb,CA,9820,7257,9820,7257
2019,7,12,md,US,1073192,327873,375058,216822
2019,7,12,me,US,178461,60735,69432,41268
2019,7,12,mi,US,1774243,547187,695975,397478
2019,7,12,mn,US,964643,295824,350892,203951
2019,7,12,mo,US,1409379,400180,495148,275122
2019,7,12,mp,US,518,372,514,370
2019,7,12,ms,US,741499,216149,282868,156549
2019,7,12,mt,US,141820,44463,49200,28769
2019,7,12,nb,CA,5630,4046,5630,4046
2019,7,12,nc,US,2253815,667132,838627,475741
2019,7,12,nd,US,140265,46173,53805,31874
2019,7,12,ne,US,426143,125794,164472,90638
2019,7,12,nh,US,209143,70977,81200,47023
2019,7,12,nj,US,1786672,522206,655175,362301
2019,7,12,nl,CA,3119,2271,3119,2271
2019,7,12,nm,US,274507,88548,99308,57611
2019,7,12,ns,CA,7269,5353,7269,5353
2019,7,12,nt,CA,232,175,232,175
2019,7,12,nu,CA,120,86,120,86
2019,7,12,nv,US,739002,187081,187782,113073
2019,7,12,ny,US,3382834,1023256,1143984,669469
2019,7,12,oh,US,2205040,658189,848057,475858
2019,7,12,ok,US,943730,258281,348818,188639
2019,7,12,on,CA,144406,103833,144406,103833
2019,7,12,or,US,632919,194981,217965,130989
2019,7,12,pa,US,2055457,643988,764573,439834
2019,7,12,pe,CA,1091,794,1091,794
2019,7,12,pr,US,108058,53612,61884,41800
2019,7,12,qc,CA,60060,43566,60060,43566
2019,7,12,ri,US,168402,57799,60724,35353
2019,7,12,sc,US,1176205,340153,413898,229107
2019,7,12,sd,US,152888,47508,55119,31673
2019,7,12,sk,CA,8162,6247,8162,6247
2019,7,12,tn,US,1574526,449983,555005,311607
2019,7,12,tx,US,6542830,1769615,2302596,1286898
2019,7,12,ut,US,517993,151275,187756,105048
2019,7,12,va,US,1497366,445353,542698,307164
2019,7,12,vi,US,267,160,0,0
2019,7,12,vt,US,72302,26645,29225,17767
2019,7,12,wa,US,1116994,343134,394221,238303
2019,7,12,wi,US,1004824,312316,388760,222782
2019,7,12,wv,US,276729,95136,111227,65565
2019,7,12,wy,US,92626,30915,31230,18003
2019,7,12,yt,CA,217,172,217,172
2019,7,13,ALL,"",58761130,17191537,21755487,12513799
2019,7,13,ALL_CA,CA,287100,212398,287100,212398
2019,7,13,ALL_US,US,58474030,16979634,21468387,12301401
2019,7,13,ab,CA,32976,25305,32976,25305
2019,7,13,ak,US,80040,28089,28610,18207
2019,7,13,al,US,1223154,377000,473236,269394
2019,7,13,ar,US,648486,203396,264450,148409
2019,7,13,as,US,48,40,38,31
2019,7,13,az,US,1075048,321336,392618,229148
2019,7,13,bc,CA,40893,31266,40893,31266
2019,7,13,ca,US,6137124,1722147,2081480,1216476
2019,7,13,co,US,954173,287397,323039,187993
2019,7,13,ct,US,500190,161406,196299,110539
2019,7,13,dc,US,112249,46564,0,0
2019,7,13,de,US,168439,57217,56426,32700
2019,7,13,fl,US,4615222,1287845,1537621,875080
2019,7,13,ga,US,2435842,695558,878919,492407
2019,7,13,gu,US,1360,712,771,544
2019,7,13,hi,US,288373,71123,74086,43909
2019,7,13,ia,US,608540,189882,243108,135771
2019,7,13,id,US,240209,80368,95909,55311
2019,7,13,il,US,2371847,722263,879574,498198
2019,7,13,in,US,1176353,365134,467094,261521
2019,7,13,ks,US,591560,182268,239801,132175
2019,7,13,ky,US,799129,258138,313270,178505
2019,7,13,la,US,641432,283872,330297,214546
2019,7,13,ma,US,907643,296530,331409,190895
2019,7,13,mb,CA,8679,6454,8679,6454
2019,7,13,md,US,1015098,317311,358368,207274
2019,7,13,me,US,165562,56841,63526,37051
2019,7,13,mi,US,1624881,527685,664423,381542
2019,7,13,mn,US,877500,274207,324734,189288
2019,7,13,mo,US,1314607,389887,476032,265955
2019,7,13,mp,US,502,364,502,364
2019,7,13,ms,US,634855,209652,265864,152564
2019,7,13,mt,US,126608,43887,46380,27896
2019,7,13,nb,CA,4629,3459,4629,3459
2019,7,13,nc,US,2090003,643377,800553,454561
2019,7,13,nd,US,118864,40851,46445,27933
2019,7,13,ne,US,387707,120372,154528,86228
2019,7,13,nh,US,195507,66486,73334,41794
2019,7,13,nj,US,1671112,507115,613602,343828
2019,7,13,nl,CA,2669,1952,2669,1952
2019,7,13,nm,US,250841,86154,93818,55292
2019,7,13,ns,CA,6193,4618,6193,4618
2019,7,13,nt,CA,213,153,213,153
2019,7,13,nu,CA,97,74,97,74
2019,7,13,nv,US,714454,181205,184752,109426
2019,7,13,ny,US,3018181,959014,1073589,635284
2019,7,13,oh,US,2053923,635688,816530,458254
2019,7,13,ok,US,860733,251668,333839,182758
2019,7,13,on,CA,127705,92358,127705,92358
2019,7,13,or,US,584099,186784,209276,125473
2019,7,13,pa,US,1892405,615098,720312,416696
2019,7,13,pe,CA,920,673,920,673
2019,7,13,pr,US,105024,54447,64084,43836
2019,7,13,qc,CA,54708,40363,54708,40363
2019,7,13,ri,US,164382,56428,56433,32237
2019,7,13,sc,US,1091848,344086,400772,225689
2019,7,13,sd,US,139622,46047,50776,29694
2019,7,13,sk,CA,7249,5589,7249,5589
2019,7,13,tn,US,1464667,446163,542443,307941
2019,7,13,tx,US,6120870,1713161,2225198,1244407
2019,7,13,ut,US,488015,146715,186600,103012
2019,7,13,va,US,1392842,426288,517192,292544
2019,7,13,vi,US,200,150,0,0
2019,7,13,vt,US,63788,24438,26317,15961
2019,7,13,wa,US,1017427,323505,377173,227264
2019,7,13,wi,US,919363,298704,359533,208204
2019,7,13,wv,US,247594,90408,105162,62700
2019,7,13,wy,US,84485,29611,28242,16692
2019,7,13,yt,CA,169,134,169,134
2019,7,14,ALL,"",54299305,17570793,23355497,13485521
2019,7,14,ALL_CA,CA,329212,241789,329212,241789
2019,7,14,ALL_US,US,53970093,17329629,23026285,13243732
2019,7,14,ab,CA,38579,29511,38579,29511
2019,7,14,ak,US,74482,28869,29537,18927
2019,7,14,al,US,1128806,372220,510289,283802
2019,7,14,ar,US,583427,210869,286123,163856
2019,7,14,as,US,44,38,38,34
2019,7,14,az,US,974017,329649,404299,243208
2019,7,14,bc,CA,45488,34809,45488,34809
2019,7,14,ca,US,5727469,1742705,2158922,1284123
2019,7,14,co,US,886019,295621,343526,203550
2019,7,14,ct,US,457365,165583,207651,118597
2019,7,14,dc,US,93638,40992,0,0
2019,7,14,de,US,150250,56365,60486,35252
2019,7,14,fl,US,4163106,1273904,1592265,907127
2019,7,14,ga,US,2210672,681684,924119,510999
2019,7,14,gu,US,1157,659,711,508
2019,7,14,hi,US,267810,71171,74280,45159
2019,7,14,ia,US,554191,194338,267842,148319
2019,7,14,id,US,215326,83096,103617,60836
2019,7,14,il,US,2219449,760370,960069,552109
2019,7,14,in,US,1094979,386663,520038,294002
2019,7,14,ks,US,545663,188185,259836,144572
2019,7,14,ky,US,742216,265326,346332,196279
2019,7,14,la,US,724863,299267,375349,231516
2019,7,14,ma,US,846178,303865,356994,207223
2019,7,14,mb,CA,10315,7669,10315,7669
2019,7,14,md,US,925287,320472,382603,221011
2019,7,14,me,US,157175,60561,70350,41748
2019,7,14,mi,US,1534310,544672,733047,418306
2019,7,14,mn,US,865240,322832,406023,243189
2019,7,14,mo,US,1202590,404070,529539,297255
2019,7,14,mp,US,539,374,539,374
2019,7,14,ms,US,557025,208910,277279,161709
2019,7,14,mt,US,120643,47642,52013,32376
2019,7,14,nb,CA,5793,4160,5793,4160
2019,7,14,nc,US,1874353,624798,838205,470076
2019,7,14,nd,US,120330,47647,59517,35905
2019,7,14,ne,US,356683,124461,169677,94821
2019,7,14,nh,US,186787,69252,79961,46003
2019,7,14,nj,US,1541927,516408,658061,369729
2019,7,14,nl,CA,3274,2388,3274,2388
2019,7,14,nm,US,231197,88667,99528,59938
2019,7,14,ns,CA,7454,5434,7454,5434
2019,7,14,nt,CA,226,173,226,173
2019,7,14,nu,CA,117,81,117,81
2019,7,14,nv,US,644661,183626,188529,114423
2019,7,14,ny,US,2820091,976835,1158019,682493
2019,7,14,oh,US,1933107,669745,907525,510029
2019,7,14,ok,US,794268,256897,359678,196056
2019,7,14,on,CA,147888,106127,147888,106127
2019,7,14,or,US,547295,191966,221845,135238
2019,7,14,pa,US,1757449,631895,784464,453074
2019,7,14,pe,CA,1097,789,1097,789
2019,7,14,pr,US,91451,51364,61918,42619
2019,7,14,qc,CA,60317,43959,60317,43959
2019,7,14,ri,US,149206,56495,59664,34284
2019,7,14,sc,US,1001432,330434,417643,231221
2019,7,14,sd,US,132131,49739,60820,35611
2019,7,14,sk,CA,8449,6528,8449,6528
2019,7,14,tn,US,1321369,443379,571816,325066
2019,7,14,tx,US,5565770,1738092,2355348,1325225
2019,7,14,ut,US,399805,149709,196349,110559
2019,7,14,va,US,1268298,427613,552243,312945
2019,7,14,vi,US,144,106,0,0
2019,7,14,vt,US,58900,25263,28881,17791
2019,7,14,wa,US,952387,333383,400114,244969
2019,7,14,wi,US,883913,321488,415577,242055
2019,7,14,wv,US,233882,92671,115335,68299
2019,7,14,wy,US,79321,31592,31852,19337
2019,7,14,yt,CA,215,161,215,161
2019,7,15,ALL,"",59545397,17860784,23284697,13349149
2019,7,15,ALL_CA,CA,313927,231723,313927,231723
2019,7,15,ALL_US,US,59231470,17629561,22970770,13117426
2019,7,15,ab,CA,36397,28306,36397,28306
2019,7,15,ak,US,84615,29498,29446,19101
2019,7,15,al,US,1242882,362866,495666,273817
2019,7,15,ar,US,664282,206324,280041,156253
2019,7,15,as,US,43,38,34,31
2019,7,15,az,US,1053759,329350,394797,240101
2019,7,15,bc,CA,43396,33943,43396,33943
2019,7,15,ca,US,6105216,1768739,2122812,1283430
2019,7,15,co,US,953975,296356,337233,199701
2019,7,15,ct,US,508720,164472,211989,117192
2019,7,15,dc,US,131863,56116,0,0
2019,7,15,de,US,164455,54367,61275,34840
2019,7,15,fl,US,4536516,1289313,1617446,905464
2019,7,15,ga,US,2399089,680807,911294,501069
2019,7,15,gu,US,1272,685,687,522
2019,7,15,hi,US,279177,71836,70160,45094
2019,7,15,ia,US,616684,193069,268398,145982
2019,7,15,id,US,248921,81971,102503,59287
2019,7,15,il,US,2405484,762731,950751,540923
2019,7,15,in,US,1183668,388210,515622,290950
2019,7,15,ks,US,606786,191309,259212,141484
2019,7,15,ky,US,809913,268761,342445,194556
2019,7,15,la,US,947656,292121,390225,218930
2019,7,15,ma,US,955851,309731,365146,206162
2019,7,15,mb,CA,9455,7049,9455,7049
2019,7,15,md,US,987213,316867,381935,219057
2019,7,15,me,US,167236,56968,69402,39776
2019,7,15,mi,US,1742656,589406,769262,442099
2019,7,15,mn,US,936993,329016,395091,234318
2019,7,15,mo,US,1292729,406898,514884,292451
2019,7,15,mp,US,506,362,504,361
2019,7,15,ms,US,655029,203934,273200,153363
2019,7,15,mt,US,137429,46033,51774,30614
2019,7,15,nb,CA,5221,3830,5221,3830
2019,7,15,nc,US,2051021,633175,832045,466538
2019,7,15,nd,US,142567,47327,59115,33775
2019,7,15,ne,US,409626,130452,175378,96982
2019,7,15,nh,US,198050,66414,81416,45218
2019,7,15,nj,US,1698152,516140,675784,368569
2019,7,15,nl,CA,3011,2206,3011,2206
2019,7,15,nm,US,255928,87312,99797,58996
2019,7,15,ns,CA,6694,4877,6694,4877
2019,7,15,nt,CA,229,169,229,169
2019,7,15,nu,CA,102,72,102,72
2019,7,15,nv,US,653406,179052,184951,113399
2019,7,15,ny,US,3243852,1011238,1190767,684046
2019,7,15,oh,US,2099234,696794,914408,520677
2019,7,15,ok,US,881109,254425,356261,192493
2019,7,15,on,CA,141655,101786,141655,101786
2019,7,15,or,US,588122,195243,217227,134528
2019,7,15,pa,US,1921195,632613,790345,451021
2019,7,15,pe,CA,966,729,966,729
2019,7,15,pr,US,118768,62665,72700,48469
2019,7,15,qc,CA,58598,42410,58598,42410
2019,7,15,ri,US,157465,54813,60658,34188
2019,7,15,sc,US,1088341,327230,414063,226749
2019,7,15,sd,US,149873,49737,62107,35376
2019,7,15,sk,CA,7997,6181,7997,6181
2019,7,15,tn,US,1430193,434512,555861,314056
2019,7,15,tx,US,6030325,1737049,2308679,1292524
2019,7,15,ut,US,498067,150598,191879,107863
2019,7,15,va,US,1386069,431691,550384,309214
2019,7,15,vi,US,246,162,0,0
2019,7,15,vt,US,65069,24583,29178,17419
2019,7,15,wa,US,1029572,341878,392197,244507
2019,7,15,wi,US,967409,329558,423846,246397
2019,7,15,wv,US,258364,93296,115884,68268
2019,7,15,wy,US,88829,31313,32606,19226
2019,7,15,yt,CA,206,165,206,165
2019,7,16,ALL,"",61603982,18677686,23531576,13602741
2019,7,16,ALL_CA,CA,324282,239426,324282,239426
2019,7,16,ALL_US,US,61279700,18438760,23207294,13363315
2019,7,16,ab,CA,37127,28940,37127,28940
2019,7,16,ak,US,87116,30354,29358,19173
2019,7,16,al,US,1274837,366866,496831,275186
2019,7,16,ar,US,675836,203345,275681,153164
2019,7,16,as,US,46,36,40,31
2019,7,16,az,US,1080221,337137,398140,242545
2019,7,16,bc,CA,44482,34821,44482,34821
2019,7,16,ca,US,6370264,1875871,2146946,1300857
2019,7,16,co,US,984088,302984,340042,200800
2019,7,16,ct,US,528172,173595,217308,122470
2019,7,16,dc,US,143250,62882,0,0
2019,7,16,de,US,168901,57035,63103,36604
2019,7,16,fl,US,4667869,1330371,1626391,916244
2019,7,16,ga,US,2494190,712736,915162,506290
2019,7,16,gu,US,1256,684,704,518
2019,7,16,hi,US,288664,75184,71557,45856
2019,7,16,ia,US,632176,202141,272647,151527
2019,7,16,id,US,252833,82497,102183,59276
2019,7,16,il,US,2494384,818432,959429,555383
2019,7,16,in,US,1228680,415521,528294,304647
2019,7,16,ks,US,625109,197600,263147,144854
2019,7,16,ky,US,839338,282230,351056,202129
2019,7,16,la,US,992563,287905,392039,216330
2019,7,16,ma,US,994864,332120,372064,214566
2019,7,16,mb,CA,9734,7240,9734,7240
2019,7,16,md,US,1025745,341042,391469,228440
2019,7,16,me,US,172293,59777,71288,41626
2019,7,16,mi,US,1787864,608555,769137,446998
2019,7,16,mn,US,964560,319329,381594,224400
2019,7,16,mo,US,1337478,409575,515201,290776
2019,7,16,mp,US,499,370,497,369
2019,7,16,ms,US,676253,203784,273902,152746
2019,7,16,mt,US,140883,46855,52257,31117
2019,7,16,nb,CA,5637,4096,5637,4096
2019,7,16,nc,US,2112805,656944,830123,470226
2019,7,16,nd,US,149534,50733,62183,36342
2019,7,16,ne,US,424802,135740,176379,98452
2019,7,16,nh,US,204458,70587,84341,47855
2019,7,16,nj,US,1751745,544597,687727,381325
2019,7,16,nl,CA,3128,2212,3128,2212
2019,7,16,nm,US,264729,91350,101434,60596
2019,7,16,ns,CA,7230,5254,7230,5254
2019,7,16,nt,CA,226,172,226,172
2019,7,16,nu,CA,126,77,126,77
2019,7,16,nv,US,657871,180196,185035,113613
2019,7,16,ny,US,3372222,1082862,1215383,710706
2019,7,16,oh,US,2196701,755132,943817,549678
2019,7,16,ok,US,898836,260612,357270,194163
2019,7,16,on,CA,146300,105342,146300,105342
2019,7,16,or,US,617149,203109,220606,135724
2019,7,16,pa,US,2021977,700502,832398,489158
2019,7,16,pe,CA,1011,746,1011,746
2019,7,16,pr,US,116513,60936,68406,45744
2019,7,16,qc,CA,60738,43936,60738,43936
2019,7,16,ri,US,162530,56818,61844,35257
2019,7,16,sc,US,1107383,329316,412794,227148
2019,7,16,sd,US,157008,52619,63860,37262
2019,7,16,sk,CA,8298,6408,8298,6408
2019,7,16,tn,US,1477578,448888,562287,319827
2019,7,16,tx,US,6214500,1791605,2310883,1297499
2019,7,16,ut,US,518643,157904,194037,109163
2019,7,16,va,US,1429407,454598,557498,316842
2019,7,16,vi,US,241,163,0,0
2019,7,16,vt,US,68710,26640,30674,18756
2019,7,16,wa,US,1082178,357551,399318,247770
2019,7,16,wi,US,987280,328896,421162,245838
2019,7,16,wv,US,264795,96837,117849,70348
2019,7,16,wy,US,89873,31371,32519,19101
2019,7,16,yt,CA,245,182,245,182
2019,7,17,ALL,"",61421183,18581573,23298866,13535336
2019,7,17,ALL_CA,CA,308668,228547,308668,228547
2019,7,17,ALL_US,US,61112515,18353488,22990198,13306789
2019,7,17,ab,CA,34264,26712,34264,26712
2019,7,17,ak,US,87763,29935,29014,18800
2019,7,17,al,US,1266406,364282,485846,271703
2019,7,17,ar,US,680736,196923,269609,147899
2019,7,17,as,US,39,32,34,27
2019,7,17,az,US,1074971,328886,391134,236909
2019,7,17,bc,CA,41076,32215,41076,32215
2019,7,17,ca,US,6297293,1813499,2100884,1270119
2019,7,17,co,US,973113,293986,330957,194970
2019,7,17,ct,US,539515,189754,229079,132594
2019,7,17,dc,US,143051,63226,0,0
2019,7,17,de,US,175085,63209,67678,40217
2019,7,17,fl,US,4652285,1319184,1599880,905712
2019,7,17,ga,US,2486089,711826,907058,506793
2019,7,17,gu,US,1320,702,700,520
2019,7,17,hi,US,283419,71287,69205,44156
2019,7,17,ia,US,643371,211980,274354,154292
2019,7,17,id,US,251090,80767,100335,57794
2019,7,17,il,US,2493312,812945,966985,563020
2019,7,17,in,US,1217899,392536,507400,289035
2019,7,17,ks,US,619193,195566,259067,143913
2019,7,17,ky,US,829580,276087,342317,198373
2019,7,17,la,US,991892,281711,381025,210531
2019,7,17,ma,US,1012922,361705,388532,229742
2019,7,17,mb,CA,9328,6921,9328,6921
2019,7,17,md,US,1021364,349873,393049,232363
2019,7,17,me,US,178194,63611,72503,43240
2019,7,17,mi,US,1758676,573786,737348,424145
2019,7,17,mn,US,984692,333579,392433,233840
2019,7,17,mo,US,1336721,417063,520024,295972
2019,7,17,mp,US,506,357,502,354
2019,7,17,ms,US,674365,195723,264913,146445
2019,7,17,mt,US,138755,45305,50316,29628
2019,7,17,nb,CA,5492,3963,5492,3963
2019,7,17,nc,US,2127142,656495,835033,474992
2019,7,17,nd,US,150255,51330,60962,35927
2019,7,17,ne,US,422083,133771,175773,98280
2019,7,17,nh,US,206593,73590,85171,49573
2019,7,17,nj,US,1780731,587698,723020,411072
2019,7,17,nl,CA,3040,2225,3040,2225
2019,7,17,nm,US,264187,88864,99218,58738
2019,7,17,ns,CA,6978,5112,6978,5112
2019,7,17,nt,CA,208,156,208,156
2019,7,17,nu,CA,108,74,108,74
2019,7,17,nv,US,656016,176624,180677,110886
2019,7,17,ny,US,3356247,1120590,1222493,726819
2019,7,17,oh,US,2153808,718483,902112,522033
2019,7,17,ok,US,897978,254405,349707,190262
2019,7,17,on,CA,139860,101078,139860,101078
2019,7,17,or,US,605937,197423,215969,133288
2019,7,17,pa,US,2030508,719288,842050,500993
2019,7,17,pe,CA,999,721,999,721
2019,7,17,pr,US,115812,60390,66969,45033
2019,7,17,qc,CA,59670,43407,59670,43407
2019,7,17,ri,US,167493,62345,66284,38634
2019,7,17,sc,US,1121306,334279,413105,228858
2019,7,17,sd,US,157234,53116,62497,36525
2019,7,17,sk,CA,7451,5808,7451,5808
2019,7,17,tn,US,1492720,448657,555161,318025
2019,7,17,tx,US,6160258,1746172,2258192,1270297
2019,7,17,ut,US,506959,153748,188402,106387
2019,7,17,va,US,1434265,459243,556703,320465
2019,7,17,vi,US,233,153,0,0
2019,7,17,vt,US,70062,28517,31631,19837
2019,7,17,wa,US,1057782,350634,387719,242754
2019,7,17,wi,US,1006299,342896,429263,254278
2019,7,17,wv,US,267214,99732,118729,71635
2019,7,17,wy,US,89776,30409,31177,18092
2019,7,17,yt,CA,194,155,194,155
2019,7,18,ALL,"",61468954,18182704,22574897,13063868
2019,7,18,ALL_CA,CA,301077,220343,301077,220343
2019,7,18,ALL_US,US,61167877,17962904,22273820,12843525
2019,7,18,ab,CA,34135,26270,34135,26270
2019,7,18,ak,US,85592,29307,28534,18344
2019,7,18,al,US,1287130,366268,481132,267583
2019,7,18,ar,US,688152,197439,265721,144995
2019,7,18,as,US,49,40,39,32
2019,7,18,az,US,1088974,327118,384713,232070
2019,7,18,bc,CA,40099,30931,40099,30931
2019,7,18,ca,US,6313477,1790735,2063382,1243183
2019,7,18,co,US,982295,293505,325362,191320
2019,7,18,ct,US,526428,177936,210522,121195
2019,7,18,dc,US,145859,61686,0,0
2019,7,18,de,US,175894,60995,62022,36472
2019,7,18,fl,US,4690311,1309411,1556829,881243
2019,7,18,ga,US,2487465,705762,889191,497592
2019,7,18,gu,US,1266,667,664,491
2019,7,18,hi,US,284854,71319,68293,43534
2019,7,18,ia,US,634144,201288,264108,147367
2019,7,18,id,US,251234,80627,98024,56595
2019,7,18,il,US,2453177,799569,927108,542335
2019,7,18,in,US,1223899,391054,495102,280469
2019,7,18,ks,US,621087,192768,252977,139601
2019,7,18,ky,US,824951,262911,326329,185033
2019,7,18,la,US,995974,282681,374300,207036
2019,7,18,ma,US,1005230,335607,360504,210511
2019,7,18,mb,CA,9149,6788,9149,6788
2019,7,18,md,US,1028136,335316,375837,219902
2019,7,18,me,US,178157,58543,66904,39018
2019,7,18,mi,US,1782815,591919,731475,426305
2019,7,18,mn,US,968330,321561,375049,223106
2019,7,18,mo,US,1334162,398712,497195,278315
2019,7,18,mp,US,490,356,487,354
2019,7,18,ms,US,688294,196578,261438,144087
2019,7,18,mt,US,139464,44766,48901,28640
2019,7,18,nb,CA,5166,3714,5166,3714
2019,7,18,nc,US,2138573,657828,819106,466786
2019,7,18,nd,US,144676,47310,56016,32362
2019,7,18,ne,US,415004,129295,168918,93928
2019,7,18,nh,US,207672,69961,81044,45924
2019,7,18,nj,US,1729995,560536,668399,379570
2019,7,18,nl,CA,2929,2109,2929,2109
2019,7,18,nm,US,266684,88031,97023,57066
2019,7,18,ns,CA,6635,4791,6635,4791
2019,7,18,nt,CA,190,135,190,135
2019,7,18,nu,CA,102,67,102,67
2019,7,18,nv,US,669405,177003,177637,108621
2019,7,18,ny,US,3311104,1076773,1157462,684940
2019,7,18,oh,US,2171159,702008,878163,502515
2019,7,18,ok,US,901528,252903,343333,186640
2019,7,18,on,CA,136537,97573,136537,97573
2019,7,18,or,US,615000,195554,211757,129675
2019,7,18,pa,US,1991756,671536,781268,458349
2019,7,18,pe,CA,982,705,982,705
2019,7,18,pr,US,118749,59714,67750,44218
2019,7,18,qc,CA,57314,41283,57314,41283
2019,7,18,ri,US,158814,57390,60366,35290
2019,7,18,sc,US,1136455,340483,406513,226309
2019,7,18,sd,US,152996,49265,58769,33180
2019,7,18,sk,CA,7647,5825,7647,5825
2019,7,18,tn,US,1503325,444699,540735,306834
2019,7,18,tx,US,6197742,1721692,2208852,1240525
2019,7,18,ut,US,510295,151692,183760,103586
2019,7,18,va,US,1443179,451132,542028,309453
2019,7,18,vi,US,247,148,0,0
2019,7,18,vt,US,70082,26398,29582,18040
2019,7,18,wa,US,1069773,346777,381336,236260
2019,7,18,wi,US,1002061,350100,419716,252528
2019,7,18,wv,US,264694,95562,112052,66708
2019,7,18,wy,US,89619,30356,30093,17490
2019,7,18,yt,CA,192,152,192,152
2019,7,19,ALL,"",62701487,17629296,21680770,12430669
2019,7,19,ALL_CA,CA,293371,215560,293371,215560
2019,7,19,ALL_US,US,62408116,17414326,21387399,12215109
2019,7,19,ab,CA,32762,25379,32762,25379
2019,7,19,ak,US,86131,28414,27611,17441
2019,7,19,al,US,1357943,369100,462934,257221
2019,7,19,ar,US,709555,196225,255767,139071
2019,7,19,as,US,43,33,28,24
2019,7,19,az,US,1127533,321254,379569,223929
2019,7,19,bc,CA,38893,30058,38893,30058
2019,7,19,ca,US,6468531,1758091,2037520,1203173
2019,7,19,co,US,1000101,288815,314990,182771
2019,7,19,ct,US,534095,166661,197762,111620
2019,7,19,dc,US,140596,57325,0,0
2019,7,19,de,US,177904,58406,56846,32980
2019,7,19,fl,US,4809918,1300244,1505777,852329
2019,7,19,ga,US,2553022,698185,852914,476927
2019,7,19,gu,US,1286,664,658,484
2019,7,19,hi,US,296953,70388,68112,42182
2019,7,19,ia,US,642158,194294,248974,137013
2019,7,19,id,US,255088,79237,91761,53025
2019,7,19,il,US,2448123,747330,879197,502924
2019,7,19,in,US,1250397,377956,467825,262357
2019,7,19,ks,US,627845,189158,241100,132375
2019,7,19,ky,US,845619,257421,312642,175353
2019,7,19,la,US,1032873,281680,361050,198760
2019,7,19,ma,US,985348,310205,334953,192302
2019,7,19,mb,CA,8791,6547,8791,6547
2019,7,19,md,US,1029395,321317,356047,206633
2019,7,19,me,US,181191,58960,64580,37345
2019,7,19,mi,US,1789039,596934,705062,415021
2019,7,19,mn,US,977693,327841,357513,214221
2019,7,19,mo,US,1375031,393774,474397,263786
2019,7,19,mp,US,480,344,479,343
2019,7,19,ms,US,717885,198351,253997,138991
2019,7,19,mt,US,138596,42797,45366,26372
2019,7,19,nb,CA,4954,3577,4954,3577
2019,7,19,nc,US,2199040,639818,781221,440084
2019,7,19,nd,US,135436,44981,49647,29472
2019,7,19,ne,US,421505,125733,159453,87946
2019,7,19,nh,US,210410,69347,74869,42535
2019,7,19,nj,US,1759147,526688,629622,350147
2019,7,19,nl,CA,2855,2056,2855,2056
2019,7,19,nm,US,272086,86756,93366,54498
2019,7,19,ns,CA,6422,4705,6422,4705
2019,7,19,nt,CA,214,154,214,154
2019,7,19,nu,CA,106,72,106,72
2019,7,19,nv,US,711164,179128,176436,105393
2019,7,19,ny,US,3317632,1031771,1097809,645871
2019,7,19,oh,US,2192193,671208,827050,470338
2019,7,19,ok,US,929696,251401,330516,179080
2019,7,19,on,CA,133932,96046,133932,96046
2019,7,19,or,US,630447,190090,206757,123692
2019,7,19,pa,US,1998503,647323,740583,431303
2019,7,19,pe,CA,900,675,900,675
2019,7,19,pr,US,105447,53135,58019,39108
2019,7,19,qc,CA,56196,40643,56196,40643
2019,7,19,ri,US,163263,54109,56702,32295
2019,7,19,sc,US,1158074,330155,386724,213168
2019,7,19,sd,US,153819,49058,54503,31341
2019,7,19,sk,CA,7133,5492,7133,5492
2019,7,19,tn,US,1561275,435273,521363,290093
2019,7,19,tx,US,6388032,1698175,2152461,1196352
2019,7,19,ut,US,517431,148222,178248,99209
2019,7,19,va,US,1461145,438310,514148,291690
2019,7,19,vi,US,286,167,0,0
2019,7,19,vt,US,70763,25966,27240,16509
2019,7,19,wa,US,1094068,336024,370024,224070
2019,7,19,wi,US,1033958,358394,409483,244323
2019,7,19,wv,US,272041,94814,107279,63279
2019,7,19,wy,US,90883,30166,28445,16340
2019,7,19,yt,CA,213,156,213,156
2019,7,20,ALL,"",58647456,17371883,21135839,12231493
2019,7,20,ALL_CA,CA,275792,201551,275792,201551
2019,7,20,ALL_US,US,58371664,17170784,20860047,12029942
2019,7,20,ab,CA,31682,24059,31682,24059
2019,7,20,ak,US,78177,28150,27344,17356
2019,7,20,al,US,1266372,370970,450500,254065
2019,7,20,ar,US,625653,191101,244202,135987
2019,7,20,as,US,60,44,43,32
2019,7,20,az,US,1082856,318376,379867,221261
2019,7,20,bc,CA,37884,28418,37884,28418
2019,7,20,ca,US,6227116,1754802,2026129,1182467
2019,7,20,co,US,946602,291373,314000,184189
2019,7,20,ct,US,486868,163549,192855,110568
2019,7,20,dc,US,116309,46822,0,0
2019,7,20,de,US,171325,59313,55557,32754
2019,7,20,fl,US,4586346,1295786,1481249,845199
2019,7,20,ga,US,2433775,686296,838641,470370
2019,7,20,gu,US,1311,689,698,498
2019,7,20,hi,US,290226,72232,71366,42421
2019,7,20,ia,US,598290,199422,240767,138123
2019,7,20,id,US,239965,78293,90866,52146
2019,7,20,il,US,2320055,738337,865880,501996
2019,7,20,in,US,1159783,372379,458951,261253
2019,7,20,ks,US,589856,186171,236212,132259
2019,7,20,ky,US,771510,254371,303131,173618
2019,7,20,la,US,951483,282712,351180,197424
2019,7,20,ma,US,880497,301336,322203,189837
2019,7,20,mb,CA,8375,6169,8375,6169
2019,7,20,md,US,977829,321385,350415,205661
2019,7,20,me,US,165329,59230,61496,36650
2019,7,20,mi,US,1626263,562266,669359,395213
2019,7,20,mn,US,875620,303172,320996,198852
2019,7,20,mo,US,1281909,390690,467248,263875
2019,7,20,mp,US,439,311,436,308
2019,7,20,ms,US,646581,200707,246196,138722
2019,7,20,mt,US,126162,41877,42968,25464
2019,7,20,nb,CA,4499,3312,4499,3312
2019,7,20,nc,US,2061048,638848,769196,438176
2019,7,20,nd,US,113879,39512,43646,26189
2019,7,20,ne,US,386726,124772,154579,88271
2019,7,20,nh,US,192233,68177,71377,41401
2019,7,20,nj,US,1639659,523472,601841,343413
2019,7,20,nl,CA,2661,1963,2661,1963
2019,7,20,nm,US,259000,88423,91428,53869
2019,7,20,ns,CA,6031,4432,6031,4432
2019,7,20,nt,CA,196,146,196,146
2019,7,20,nu,CA,87,65,87,65
2019,7,20,nv,US,714805,180137,176844,104819
2019,7,20,ny,US,2943243,993567,1055261,636394
2019,7,20,oh,US,2044584,655683,809048,465515
2019,7,20,ok,US,855933,248615,321796,176444
2019,7,20,on,CA,124451,89359,124451,89359
2019,7,20,or,US,594321,188661,204543,122215
2019,7,20,pa,US,1845547,629773,713051,422038
2019,7,20,pe,CA,898,647,898,647
2019,7,20,pr,US,95361,48321,55488,37326
2019,7,20,qc,CA,52265,37820,52265,37820
2019,7,20,ri,US,155660,55656,55309,32472
2019,7,20,sc,US,1090453,327851,375062,208778
2019,7,20,sd,US,143486,49159,50414,30372
2019,7,20,sk,CA,6580,5022,6580,5022
2019,7,20,tn,US,1440480,434760,516481,292072
2019,7,20,tx,US,6063293,1686413,2109680,1176234
2019,7,20,ut,US,498268,146291,180124,98402
2019,7,20,va,US,1363457,432354,503547,289315
2019,7,20,vi,US,213,145,0,0
2019,7,20,vt,US,64994,25969,26557,16523
2019,7,20,wa,US,1026368,329215,366097,220260
2019,7,20,wi,US,923419,335342,366716,221971
2019,7,20,wv,US,246617,92967,103560,62396
2019,7,20,wy,US,84050,30685,27647,16509
2019,7,20,yt,CA,183,139,183,139
2019,7,21,ALL,"",54704599,17894475,22673444,13177323
2019,7,21,ALL_CA,CA,298034,217545,298034,217545
2019,7,21,ALL_US,US,54406565,17677486,22375410,12959778
2019,7,21,ab,CA,34500,26073,34500,26073
2019,7,21,ak,US,76346,29230,28664,18225
2019,7,21,al,US,1151186,364294,490160,269632
2019,7,21,ar,US,577721,195560,268608,148762
2019,7,21,as,US,38,29,32,26
2019,7,21,az,US,972460,319442,384148,229323
2019,7,21,bc,CA,41279,31045,41279,31045
2019,7,21,ca,US,5842680,1767667,2057005,1216350
2019,7,21,co,US,901556,300402,330563,195896
2019,7,21,ct,US,465423,176417,208158,122167
2019,7,21,dc,US,98881,44654,0,0
2019,7,21,de,US,156582,62108,62115,37712
2019,7,21,fl,US,4175586,1296106,1538738,882461
2019,7,21,ga,US,2245190,679685,893259,491462
2019,7,21,gu,US,1146,652,681,493
2019,7,21,hi,US,272005,72776,70804,43091
2019,7,21,ia,US,546108,196697,254190,144332
2019,7,21,id,US,212614,79784,97059,56430
2019,7,21,il,US,2208113,786098,935106,551013
2019,7,21,in,US,1121603,421783,529814,310474
2019,7,21,ks,US,549232,199910,261271,151258
2019,7,21,ky,US,739358,273023,344322,198577
2019,7,21,la,US,858252,287167,378515,212916
2019,7,21,ma,US,860902,325665,350271,208946
2019,7,21,mb,CA,9017,6659,9017,6659
2019,7,21,md,US,926591,340044,382702,226621
2019,7,21,me,US,160772,64482,69911,42474
2019,7,21,mi,US,1535393,557424,710742,414971
2019,7,21,mn,US,823849,289696,356890,206763
2019,7,21,mo,US,1192829,413334,520783,298051
2019,7,21,mp,US,511,345,509,343
2019,7,21,ms,US,586972,200506,269597,149599
2019,7,21,mt,US,116880,43464,46702,27996
2019,7,21,nb,CA,5289,3804,5289,3804
2019,7,21,nc,US,1877883,631330,813604,458610
2019,7,21,nd,US,112390,44916,53844,32503
2019,7,21,ne,US,356034,133456,168417,100054
2019,7,21,nh,US,186078,72524,79274,46980
2019,7,21,nj,US,1582645,574000,671277,390616
2019,7,21,nl,CA,2992,2148,2992,2148
2019,7,21,nm,US,231746,88585,95412,57605
2019,7,21,ns,CA,6662,4804,6662,4804
2019,7,21,nt,CA,206,146,206,146
2019,7,21,nu,CA,94,72,94,72
2019,7,21,nv,US,656304,180081,177023,107013
2019,7,21,ny,US,2837590,1044479,1136356,686912
2019,7,21,oh,US,1971495,722062,928741,540554
2019,7,21,ok,US,776730,253482,346216,191290
2019,7,21,on,CA,135311,97214,135311,97214
2019,7,21,or,US,545698,189628,209762,127437
2019,7,21,pa,US,1801462,706017,823041,497089
2019,7,21,pe,CA,975,698,975,698
2019,7,21,pr,US,86372,47799,55328,37951
2019,7,21,qc,CA,53977,39007,53977,39007
2019,7,21,ri,US,146739,57672,59402,35227
2019,7,21,sc,US,991336,323678,398902,219495
2019,7,21,sd,US,132283,48779,56877,33163
2019,7,21,sk,CA,7514,5710,7514,5710
2019,7,21,tn,US,1314387,434094,548738,309264
2019,7,21,tx,US,5521629,1689170,2229312,1241787
2019,7,21,ut,US,396685,148204,184639,104216
2019,7,21,va,US,1289017,457070,550111,318509
2019,7,21,vi,US,197,133,0,0
2019,7,21,vt,US,61646,27824,29385,18654
2019,7,21,wa,US,959045,331460,378997,230972
2019,7,21,wi,US,875347,315136,390157,226430
2019,7,21,wv,US,242479,102280,120444,73525
2019,7,21,wy,US,76569,30854,28832,17558
2019,7,21,yt,CA,218,165,218,165
2019,7,22,ALL,"",58796262,17996346,22478878,12922786
2019,7,22,ALL_CA,CA,303870,223030,303870,223030
2019,7,22,ALL_US,US,58492392,17773824,22175008,12699756
2019,7,22,ab,CA,35627,27333,35627,27333
2019,7,22,ak,US,85322,29967,27983,17926
2019,7,22,al,US,1243778,363019,487721,267240
2019,7,22,ar,US,656994,198974,268372,147484
2019,7,22,as,US,40,33,34,29
2019,7,22,az,US,1065619,333726,386928,234686
2019,7,22,bc,CA,42361,33000,42361,33000
2019,7,22,ca,US,6092125,1798941,2034235,1227597
2019,7,22,co,US,944757,293812,321131,189510
2019,7,22,ct,US,511240,183517,219276,125685
2019,7,22,dc,US,133507,60104,0,0
2019,7,22,de,US,167881,61306,63202,37571
2019,7,22,fl,US,4517000,1300625,1562695,876414
2019,7,22,ga,US,2399655,684847,890888,490323
2019,7,22,gu,US,1201,665,668,489
2019,7,22,hi,US,278006,73157,66742,43048
2019,7,22,ia,US,603718,187828,251429,136209
2019,7,22,id,US,244218,81333,97980,56654
2019,7,22,il,US,2333517,731761,896005,506859
2019,7,22,in,US,1149478,371956,480779,269742
2019,7,22,ks,US,589253,185277,246388,134348
2019,7,22,ky,US,790883,265738,329904,189136
2019,7,22,la,US,957091,286805,380650,210473
2019,7,22,ma,US,962170,340464,371863,216311
2019,7,22,mb,CA,9314,6823,9314,6823
2019,7,22,md,US,990322,348001,385335,226633
2019,7,22,me,US,168725,61121,68217,40161
2019,7,22,mi,US,1656047,536977,696505,392207
2019,7,22,mn,US,885374,282960,348004,198039
2019,7,22,mo,US,1269067,393895,492691,276650
2019,7,22,mp,US,443,331,442,330
2019,7,22,ms,US,658669,199070,270046,148310
2019,7,22,mt,US,135670,45513,48671,28401
2019,7,22,nb,CA,5128,3696,5128,3696
2019,7,22,nc,US,2062272,656106,832674,470362
2019,7,22,nd,US,133424,44015,54640,30672
2019,7,22,ne,US,396083,122274,163746,89018
2019,7,22,nh,US,194311,70564,81543,46890
2019,7,22,nj,US,1685567,574775,686462,388253
2019,7,22,nl,CA,2982,2171,2982,2171
2019,7,22,nm,US,253608,88762,96180,57047
2019,7,22,ns,CA,6738,4886,6738,4886
2019,7,22,nt,CA,228,172,228,172
2019,7,22,nu,CA,101,69,101,69
2019,7,22,nv,US,658014,175846,175348,107657
2019,7,22,ny,US,3170398,1079474,1172435,687622
2019,7,22,oh,US,2007620,669767,848573,485503
2019,7,22,ok,US,859028,247988,340895,184521
2019,7,22,on,CA,137495,98434,137495,98434
2019,7,22,or,US,587403,192925,208095,127508
2019,7,22,pa,US,1895321,687422,792992,471152
2019,7,22,pe,CA,991,721,991,721
2019,7,22,pr,US,100619,54030,60129,40067
2019,7,22,qc,CA,54850,39500,54850,39500
2019,7,22,ri,US,160887,59997,64357,37307
2019,7,22,sc,US,1077136,327378,401761,220849
2019,7,22,sd,US,143257,44609,55509,30432
2019,7,22,sk,CA,7822,6048,7822,6048
2019,7,22,tn,US,1407453,446634,548522,311437
2019,7,22,tx,US,5942551,1733089,2220888,1248499
2019,7,22,ut,US,489590,149195,183422,102633
2019,7,22,va,US,1400312,460848,555801,317922
2019,7,22,vi,US,247,161,0,0
2019,7,22,vt,US,65057,26212,29231,17922
2019,7,22,wa,US,1037885,343576,377494,232503
2019,7,22,wi,US,928409,302041,383626,217926
2019,7,22,wv,US,257987,99937,115497,70029
2019,7,22,wy,US,86183,30142,30404,17560
2019,7,22,yt,CA,233,177,233,177
2019,7,23,ALL,"",59771387,17906404,21930799,12600707
2019,7,23,ALL_CA,CA,283554,209368,283554,209368
2019,7,23,ALL_US,US,59487833,17697536,21647245,12391339
2019,7,23,ab,CA,32666,25334,32666,25334
2019,7,23,ak,US,85353,30553,27938,18425
2019,7,23,al,US,1271739,364433,480667,264471
2019,7,23,ar,US,671126,191713,259882,141036
2019,7,23,as,US,41,34,32,27
2019,7,23,az,US,1095880,336681,383977,230822
2019,7,23,bc,CA,39291,30754,39291,30754
2019,7,23,ca,US,6241026,1823928,2023665,1224892
2019,7,23,co,US,962714,290765,317173,185639
2019,7,23,ct,US,514881,173746,203136,116211
2019,7,23,dc,US,141379,62135,0,0
2019,7,23,de,US,167397,58589,59433,35063
2019,7,23,fl,US,4579982,1327597,1534455,868499
2019,7,23,ga,US,2459456,702441,879597,490023
2019,7,23,gu,US,1275,693,642,485
2019,7,23,hi,US,284142,72362,66761,42720
2019,7,23,ia,US,614575,187712,248403,135105
2019,7,23,id,US,250574,82528,96971,56230
2019,7,23,il,US,2374000,729780,879834,495836
2019,7,23,in,US,1172471,363195,471210,260048
2019,7,23,ks,US,606253,186626,245319,133675
2019,7,23,ky,US,803337,250832,318134,177834
2019,7,23,la,US,969488,288197,373535,207600
2019,7,23,ma,US,947431,331347,344860,201900
2019,7,23,mb,CA,8493,6311,8493,6311
2019,7,23,md,US,995020,335303,362241,212286
2019,7,23,me,US,171052,59377,65534,38693
2019,7,23,mi,US,1704951,560623,699197,399796
2019,7,23,mn,US,903432,284854,343916,196294
2019,7,23,mo,US,1293642,383630,482941,267455
2019,7,23,mp,US,464,340,459,337
2019,7,23,ms,US,668205,195449,262470,143980
2019,7,23,mt,US,141458,47634,49477,29186
2019,7,23,nb,CA,4899,3593,4899,3593
2019,7,23,nc,US,2052788,671309,806260,462980
2019,7,23,nd,US,135765,44075,53882,30502
2019,7,23,ne,US,407046,123472,161883,88250
2019,7,23,nh,US,194336,66969,77725,44464
2019,7,23,nj,US,1697193,552328,651936,366667
2019,7,23,nl,CA,2876,2083,2876,2083
2019,7,23,nm,US,254813,87167,93970,55534
2019,7,23,ns,CA,6349,4643,6349,4643
2019,7,23,nt,CA,183,138,183,138
2019,7,23,nu,CA,91,62,91,62
2019,7,23,nv,US,666368,178842,174104,107383
2019,7,23,ny,US,3229637,1059130,1122456,659376
2019,7,23,oh,US,2054344,645172,825605,461102
2019,7,23,ok,US,878554,247176,335517,181458
2019,7,23,on,CA,128428,92352,128428,92352
2019,7,23,or,US,600380,195336,206793,126615
2019,7,23,pa,US,1923684,651855,748729,435834
2019,7,23,pe,CA,946,693,946,693
2019,7,23,pr,US,103010,53447,59277,39705
2019,7,23,qc,CA,51860,37597,51860,37597
2019,7,23,ri,US,151921,55173,57215,33552
2019,7,23,sc,US,1090222,339053,398720,222149
2019,7,23,sd,US,145518,45095,55158,30524
2019,7,23,sk,CA,7259,5641,7259,5641
2019,7,23,tn,US,1440376,423812,525881,294353
2019,7,23,tx,US,6081700,1739382,2183204,1224638
2019,7,23,ut,US,498976,150837,182237,102056
2019,7,23,va,US,1374503,449936,523297,301460
2019,7,23,vi,US,244,158,0,0
2019,7,23,vt,US,65229,24930,28105,17023
2019,7,23,wa,US,1059008,352213,375418,233070
2019,7,23,wi,US,946443,304960,380671,217528
2019,7,23,wv,US,255580,91387,107480,63523
2019,7,23,wy,US,87451,29647,29863,17025
2019,7,23,yt,CA,213,167,213,167
2019,7,24,ALL,"",59649193,17200289,21549765,12242228
2019,7,24,ALL_CA,CA,285111,209805,285111,209805
2019,7,24,ALL_US,US,59364082,16990963,21264654,12032423
2019,7,24,ab,CA,33227,25622,33227,25622
2019,7,24,ak,US,83281,28651,27049,17523
2019,7,24,al,US,1272800,354137,471874,258113
2019,7,24,ar,US,669962,188715,256534,138669
2019,7,24,as,US,36,33,28,26
2019,7,24,az,US,1087254,329316,380362,227768
2019,7,24,bc,CA,39848,30976,39848,30976
2019,7,24,ca,US,6209869,1780223,2006628,1205351
2019,7,24,co,US,953353,288903,314298,185011
2019,7,24,ct,US,510453,161603,198801,110388
2019,7,24,dc,US,146609,63142,0,0
2019,7,24,de,US,164349,53666,56950,32611
2019,7,24,fl,US,4520455,1284624,1513050,854668
2019,7,24,ga,US,2470721,671226,862201,473480
2019,7,24,gu,US,1245,695,621,485
2019,7,24,hi,US,285266,71584,66139,41913
2019,7,24,ia,US,612350,185282,245152,132874
2019,7,24,id,US,245033,78849,93773,54012
2019,7,24,il,US,2358132,708343,862704,484074
2019,7,24,in,US,1174191,355446,467139,256344
2019,7,24,ks,US,602315,182675,239283,130180
2019,7,24,ky,US,804505,247485,314682,174581
2019,7,24,la,US,987665,275682,365964,200230
2019,7,24,ma,US,953103,305297,338847,191912
2019,7,24,mb,CA,8488,6296,8488,6296
2019,7,24,md,US,994822,321716,357538,206286
2019,7,24,me,US,166845,55876,64256,36865
2019,7,24,mi,US,1674824,520958,674592,377330
2019,7,24,mn,US,903091,279405,341233,193656
2019,7,24,mo,US,1297061,378378,477487,264099
2019,7,24,mp,US,452,328,451,327
2019,7,24,ms,US,671218,190052,257913,140340
2019,7,24,mt,US,139067,44336,47727,27501
2019,7,24,nb,CA,4958,3567,4958,3567
2019,7,24,nc,US,1963210,584279,734199,407162
2019,7,24,nd,US,136427,44566,53779,30509
2019,7,24,ne,US,406245,123072,161109,88002
2019,7,24,nh,US,196528,63987,76362,42481
2019,7,24,nj,US,1722566,521981,637428,348755
2019,7,24,nl,CA,2823,2056,2823,2056
2019,7,24,nm,US,255053,85278,92451,54263
2019,7,24,ns,CA,6423,4726,6423,4726
2019,7,24,nt,CA,199,141,199,141
2019,7,24,nu,CA,98,65,98,65
2019,7,24,nv,US,671344,175342,172310,105321
2019,7,24,ny,US,3272251,1003904,1102892,634422
2019,7,24,oh,US,2043413,633872,815697,453998
2019,7,24,ok,US,876778,243946,332442,179586
2019,7,24,on,CA,129094,92501,129094,92501
2019,7,24,or,US,596520,188928,204914,124306
2019,7,24,pa,US,1910179,614912,735155,419097
2019,7,24,pe,CA,970,678,970,678
2019,7,24,pr,US,117400,61234,63706,42651
2019,7,24,qc,CA,51309,37193,51309,37193
2019,7,24,ri,US,154352,51558,56656,32081
2019,7,24,sc,US,1110814,319625,385402,210823
2019,7,24,sd,US,148278,45720,55802,30871
2019,7,24,sk,CA,7484,5832,7484,5832
2019,7,24,tn,US,1456648,415899,520512,288333
2019,7,24,tx,US,6106199,1693045,2157065,1198435
2019,7,24,ut,US,457062,144382,177206,98996
2019,7,24,va,US,1399390,427814,516613,290207
2019,7,24,vi,US,230,154,0,0
2019,7,24,vt,US,63513,23257,26733,15812
2019,7,24,wa,US,1052099,337651,371111,227019
2019,7,24,wi,US,945181,299179,375794,213504
2019,7,24,wv,US,254368,89269,106321,62174
2019,7,24,wy,US,87707,30041,29719,16998
2019,7,24,yt,CA,190,152,190,152
2019,7,25,ALL,"",59893164,16875223,21186521,12003114
2019,7,25,ALL_CA,CA,280406,204984,280406,204984
2019,7,25,ALL_US,US,59612758,16670755,20906115,11798130
2019,7,25,ab,CA,31038,23834,31038,23834
2019,7,25,ak,US,83805,28620,27010,17491
2019,7,25,al,US,1297504,352979,464111,253234
2019,7,25,ar,US,677954,188623,254007,136670
2019,7,25,as,US,38,33,28,25
2019,7,25,az,US,1084264,318492,372412,222175
2019,7,25,bc,CA,37664,29262,37664,29262
2019,7,25,ca,US,6191398,1728145,1962941,1176268
2019,7,25,co,US,950469,282157,306217,179440
2019,7,25,ct,US,508773,158201,193840,106959
2019,7,25,dc,US,143053,58810,0,0
2019,7,25,de,US,165486,53127,55957,31666
2019,7,25,fl,US,4545519,1282553,1491391,843566
2019,7,25,ga,US,2460759,657698,849877,463240
2019,7,25,gu,US,1279,685,633,469
2019,7,25,hi,US,285464,71043,65231,41410
2019,7,25,ia,US,612491,186267,241891,132718
2019,7,25,id,US,245568,78323,91585,52499
2019,7,25,il,US,2363196,693846,845991,473121
2019,7,25,in,US,1183330,351651,459123,250778
2019,7,25,ks,US,607747,182979,235883,128352
2019,7,25,ky,US,809896,245185,308425,170745
2019,7,25,la,US,994834,274117,359073,196194
2019,7,25,ma,US,958261,298141,329896,185980
2019,7,25,mb,CA,8435,6190,8435,6190
2019,7,25,md,US,987423,308119,348423,199813
2019,7,25,me,US,171496,55748,62490,35607
2019,7,25,mi,US,1675229,513041,660773,369183
2019,7,25,mn,US,911664,284889,339926,196697
2019,7,25,mo,US,1311967,377791,470304,260206
2019,7,25,mp,US,458,332,456,331
2019,7,25,ms,US,675777,189304,254100,137748
2019,7,25,mt,US,137104,42131,45496,26032
2019,7,25,nb,CA,4782,3460,4782,3460
2019,7,25,nc,US,2077117,607168,764641,422385
2019,7,25,nd,US,137409,44057,52330,29667
2019,7,25,ne,US,405646,124047,159460,88076
2019,7,25,nh,US,199329,64125,74630,41323
2019,7,25,nj,US,1711654,505168,621589,338441
2019,7,25,nl,CA,2769,1974,2769,1974
2019,7,25,nm,US,257480,86002,90264,53186
2019,7,25,ns,CA,6066,4366,6066,4366
2019,7,25,nt,CA,179,129,179,129
2019,7,25,nu,CA,105,78,105,78
2019,7,25,nv,US,682182,173495,169055,103294
2019,7,25,ny,US,3234279,965293,1075958,616551
2019,7,25,oh,US,2052015,617816,800083,442112
2019,7,25,ok,US,887739,243582,328862,177152
2019,7,25,on,CA,129511,92221,129511,92221
2019,7,25,or,US,600572,187204,200886,121819
2019,7,25,pa,US,1900817,597768,713697,404115
2019,7,25,pe,CA,868,650,868,650
2019,7,25,pr,US,95021,50810,56086,38333
2019,7,25,qc,CA,51919,37329,51919,37329
2019,7,25,ri,US,154861,50436,55410,31083
2019,7,25,sc,US,1107040,315634,380504,206301
2019,7,25,sd,US,149401,45493,54155,30117
2019,7,25,sk,CA,6894,5359,6894,5359
2019,7,25,tn,US,1474172,411482,514671,283423
2019,7,25,tx,US,6149123,1666585,2128775,1180330
2019,7,25,ut,US,481273,143188,172422,96832
2019,7,25,va,US,1403114,416988,505595,282564
2019,7,25,vi,US,244,153,0,0
2019,7,25,vt,US,64680,23368,26319,15551
2019,7,25,wa,US,1059769,330714,364878,221877
2019,7,25,wi,US,941398,294155,366599,208619
2019,7,25,wv,US,257214,89022,103848,60377
2019,7,25,wy,US,87003,29104,27908,15985
2019,7,25,yt,CA,176,132,176,132
2019,7,26,ALL,"",61585394,16659356,20398968,11497417
2019,7,26,ALL_CA,CA,251829,185261,251829,185261
2019,7,26,ALL_US,US,61333565,16474601,20147139,11312156
2019,7,26,ab,CA,28930,22099,28930,22099
2019,7,26,ak,US,85300,28445,26651,16922
2019,7,26,al,US,1340003,353719,448160,243142
2019,7,26,ar,US,694164,188029,243626,131115
2019,7,26,as,US,31,26,23,19
2019,7,26,az,US,1129340,315333,368590,213117
2019,7,26,bc,CA,34742,26868,34742,26868
2019,7,26,ca,US,6380834,1713025,1941050,1133976
2019,7,26,co,US,976094,277820,297175,170821
2019,7,26,ct,US,514026,155929,185625,102451
2019,7,26,dc,US,143857,57605,0,0
2019,7,26,de,US,170247,53952,52864,30164
2019,7,26,fl,US,4721296,1265882,1440104,809898
2019,7,26,ga,US,2549847,654482,820074,446311
2019,7,26,gu,US,1330,671,626,467
2019,7,26,hi,US,297614,70744,65469,40399
2019,7,26,ia,US,629492,182306,229673,125000
2019,7,26,id,US,247512,76996,87776,49873
2019,7,26,il,US,2395926,692922,813941,456606
2019,7,26,in,US,1233757,353711,440328,240897
2019,7,26,ks,US,617353,178275,223711,120890
2019,7,26,ky,US,840248,246907,298030,164471
2019,7,26,la,US,1038896,273765,348487,189115
2019,7,26,ma,US,953901,291489,312427,176453
2019,7,26,mb,CA,7665,5628,7665,5628
2019,7,26,md,US,1017513,308188,330797,189454
2019,7,26,me,US,174428,55764,59824,34027
2019,7,26,mi,US,1685407,507788,623543,351821
2019,7,26,mn,US,914159,285702,320469,187845
2019,7,26,mo,US,1371549,379972,450013,247980
2019,7,26,mp,US,471,337,468,335
2019,7,26,ms,US,722599,192485,245885,132679
2019,7,26,mt,US,136046,41571,43462,24753
2019,7,26,nb,CA,4205,3069,4205,3069
2019,7,26,nc,US,2180821,618054,739788,409505
2019,7,26,nd,US,129803,41133,46559,26910
2019,7,26,ne,US,411127,118621,150192,81805
2019,7,26,nh,US,201679,64443,70173,39239
2019,7,26,nj,US,1740534,503565,591051,323653
2019,7,26,nl,CA,2325,1699,2325,1699
2019,7,26,nm,US,266323,85806,87449,50520
2019,7,26,ns,CA,5444,3969,5444,3969
2019,7,26,nt,CA,184,133,184,133
2019,7,26,nu,CA,107,73,107,73
2019,7,26,nv,US,715148,174504,164947,98685
2019,7,26,ny,US,3223244,944104,1017713,585745
2019,7,26,oh,US,2115854,609826,763630,422315
2019,7,26,ok,US,913738,242806,317038,170052
2019,7,26,on,CA,114936,82645,114936,82645
2019,7,26,or,US,611335,184040,196950,116852
2019,7,26,pa,US,1938995,592227,677957,384727
2019,7,26,pe,CA,789,592,789,592
2019,7,26,pr,US,101445,52259,55405,37983
2019,7,26,qc,CA,45872,33356,45872,33356
2019,7,26,ri,US,160582,50824,52882,29641
2019,7,26,sc,US,1146605,316425,366198,198290
2019,7,26,sd,US,146323,43615,49014,27300
2019,7,26,sk,CA,6462,5000,6462,5000
2019,7,26,tn,US,1582292,419091,500678,272895
2019,7,26,tx,US,6362547,1651192,2064211,1132877
2019,7,26,ut,US,484340,142267,165099,92901
2019,7,26,va,US,1436132,417125,485942,271028
2019,7,26,vi,US,240,153,0,0
2019,7,26,vt,US,65792,23314,24761,14667
2019,7,26,wa,US,1084382,330474,356520,212660
2019,7,26,wi,US,971790,307437,355567,206673
2019,7,26,wv,US,271675,91339,101179,58643
2019,7,26,wy,US,87579,29237,27365,15589
2019,7,26,yt,CA,168,130,168,130
2019,7,27,ALL,"",57443339,16339592,19788302,11246857
2019,7,27,ALL_CA,CA,274358,200766,274358,200766
2019,7,27,ALL_US,US,57168981,16139286,19513944,11046091
2019,7,27,ab,CA,32093,24186,32093,24186
2019,7,27,ak,US,75743,27027,25781,16249
2019,7,27,al,US,1209451,350187,428371,237045
2019,7,27,ar,US,613377,183043,230415,127376
2019,7,27,as,US,38,30,29,24
2019,7,27,az,US,1064071,311712,362883,209161
2019,7,27,bc,CA,38626,29037,38626,29037
2019,7,27,ca,US,6040582,1678609,1907855,1102539
2019,7,27,co,US,929014,277438,293969,169924
2019,7,27,ct,US,480261,157616,181938,102899
2019,7,27,dc,US,121192,47807,0,0
2019,7,27,de,US,159987,54327,50961,29352
2019,7,27,fl,US,4501206,1231039,1402268,789039
2019,7,27,ga,US,2437242,646072,803806,438003
2019,7,27,gu,US,1222,667,614,457
2019,7,27,hi,US,287585,69744,68322,40096
2019,7,27,ia,US,576764,180734,217667,121960
2019,7,27,id,US,227548,75541,84688,48744
2019,7,27,il,US,2246504,675185,791341,446074
2019,7,27,in,US,1144765,347529,425972,236357
2019,7,27,ks,US,564923,171629,215168,117990
2019,7,27,ky,US,761946,239282,283497,159452
2019,7,27,la,US,942168,272653,334404,186250
2019,7,27,ma,US,874707,282709,300437,172727
2019,7,27,mb,CA,8431,6153,8431,6153
2019,7,27,md,US,956274,302359,323620,185676
2019,7,27,me,US,163401,55932,56630,33069
2019,7,27,mi,US,1560574,510952,612196,353387
2019,7,27,mn,US,829444,263199,295922,173269
2019,7,27,mo,US,1279843,369470,431995,239521
2019,7,27,mp,US,476,330,475,329
2019,7,27,ms,US,667317,191933,234904,129233
2019,7,27,mt,US,123154,41267,41071,24276
2019,7,27,nb,CA,4478,3317,4478,3317
2019,7,27,nc,US,2026061,604357,717781,400250
2019,7,27,nd,US,109343,38175,42071,25184
2019,7,27,ne,US,376746,117993,144437,80961
2019,7,27,nh,US,192246,65266,67278,38085
2019,7,27,nj,US,1631663,499000,563030,314078
2019,7,27,nl,CA,2686,1943,2686,1943
2019,7,27,nm,US,248319,85663,84355,49398
2019,7,27,ns,CA,6000,4351,6000,4351
2019,7,27,nt,CA,168,126,168,126
2019,7,27,nu,CA,98,67,98,67
2019,7,27,nv,US,705352,172072,164635,96746
2019,7,27,ny,US,2916819,921425,979148,575720
2019,7,27,oh,US,1971878,600502,744030,415475
2019,7,27,ok,US,832471,237640,304318,165915
2019,7,27,on,CA,124523,89394,124523,89394
2019,7,27,or,US,563364,180346,189944,113330
2019,7,27,pa,US,1801393,581914,651382,375388
2019,7,27,pe,CA,928,671,928,671
2019,7,27,pr,US,83751,43160,48029,32855
2019,7,27,qc,CA,49128,36001,49128,36001
2019,7,27,ri,US,152258,50868,51428,29270
2019,7,27,sc,US,1074902,313486,352357,193656
2019,7,27,sd,US,134686,45153,47678,27631
2019,7,27,sk,CA,7012,5377,7012,5377
2019,7,27,tn,US,1464433,410980,487383,268570
2019,7,27,tx,US,5961757,1618829,2007421,1107666
2019,7,27,ut,US,464565,139685,166198,91862
2019,7,27,va,US,1340421,409682,469620,263919
2019,7,27,vi,US,207,144,0,0
2019,7,27,vt,US,60880,23686,24497,14829
2019,7,27,wa,US,991909,317934,341044,205229
2019,7,27,wi,US,897733,298085,335163,196294
2019,7,27,wv,US,244780,89457,97207,57632
2019,7,27,wy,US,80265,29700,26311,15670
2019,7,27,yt,CA,187,143,187,143
2019,7,28,ALL,"",52429792,16441721,21159874,11987763
2019,7,28,ALL_CA,CA,281991,205838,281991,205838
2019,7,28,ALL_US,US,52147801,16236376,20877883,11781925
2019,7,28,ab,CA,31824,24259,31824,24259
2019,7,28,ak,US,72563,28110,27093,17261
2019,7,28,al,US,1090213,343947,465481,252063
2019,7,28,ar,US,560142,184628,255048,138548
2019,7,28,as,US,49,32,36,24
2019,7,28,az,US,944774,309746,371220,219865
2019,7,28,bc,CA,38778,29217,38778,29217
2019,7,28,ca,US,5650797,1701013,1970678,1158112
2019,7,28,co,US,855966,273601,304551,175874
2019,7,28,ct,US,439424,157237,188256,105657
2019,7,28,dc,US,97375,42158,0,0
2019,7,28,de,US,142519,52962,53760,31118
2019,7,28,fl,US,4021738,1203810,1457643,820572
2019,7,28,ga,US,2171318,644406,866574,465716
2019,7,28,gu,US,1193,660,656,463
2019,7,28,hi,US,269157,71881,68664,41723
2019,7,28,ia,US,519970,186128,243118,135860
2019,7,28,id,US,199833,75558,89579,52314
2019,7,28,il,US,2068220,680730,846118,475724
2019,7,28,in,US,1049138,351611,463616,253550
2019,7,28,ks,US,515784,176388,236573,131102
2019,7,28,ky,US,700653,239399,310670,170663
2019,7,28,la,US,836730,270362,360024,198172
2019,7,28,ma,US,816551,288506,319385,183020
2019,7,28,mb,CA,8518,6301,8518,6301
2019,7,28,md,US,868164,301191,342355,194894
2019,7,28,me,US,151543,56245,62229,36107
2019,7,28,mi,US,1446920,512826,668132,379876
2019,7,28,mn,US,773871,290946,347007,206650
2019,7,28,mo,US,1148067,373214,476765,263379
2019,7,28,mp,US,453,317,452,316
2019,7,28,ms,US,573968,186906,256036,137616
2019,7,28,mt,US,113809,41658,44114,26057
2019,7,28,nb,CA,4854,3528,4854,3528
2019,7,28,nc,US,1827229,597083,769912,424935
2019,7,28,nd,US,107535,42547,51549,30510
2019,7,28,ne,US,344711,120283,157831,88851
2019,7,28,nh,US,178812,64902,72555,41164
2019,7,28,nj,US,1509177,506904,596761,332541
2019,7,28,nl,CA,2817,2044,2817,2044
2019,7,28,nm,US,219285,81621,87301,51841
2019,7,28,ns,CA,6233,4551,6233,4551
2019,7,28,nt,CA,186,134,186,134
2019,7,28,nu,CA,88,63,88,63
2019,7,28,nv,US,635522,172993,167537,100846
2019,7,28,ny,US,2734054,946932,1049810,613884
2019,7,28,oh,US,1817530,604093,809848,445204
2019,7,28,ok,US,757212,239103,330392,178313
2019,7,28,on,CA,128450,91832,128450,91832
2019,7,28,or,US,523222,181769,199579,120498
2019,7,28,pa,US,1658865,588341,704200,403303
2019,7,28,pe,CA,940,691,940,691
2019,7,28,pr,US,77153,43352,50058,34721
2019,7,28,qc,CA,51883,37541,51883,37541
2019,7,28,ri,US,139246,50909,53615,30455
2019,7,28,sc,US,952841,304590,378394,204536
2019,7,28,sd,US,123431,45984,53703,31282
2019,7,28,sk,CA,7216,5522,7216,5522
2019,7,28,tn,US,1322866,406137,522128,283174
2019,7,28,tx,US,5398812,1626698,2146330,1182700
2019,7,28,ut,US,383742,143359,178768,99675
2019,7,28,va,US,1220264,405401,503174,279574
2019,7,28,vi,US,179,128,0,0
2019,7,28,vt,US,57382,25021,27012,16738
2019,7,28,wa,US,925497,318679,362106,219222
2019,7,28,wi,US,835675,306326,378064,218984
2019,7,28,wv,US,224664,86942,104355,60646
2019,7,28,wy,US,71993,28346,27068,16032
2019,7,28,yt,CA,204,155,204,155
2019,7,29,ALL,"",57893652,17202357,21452267,12142980
2019,7,29,ALL_CA,CA,271667,196919,271667,196919
2019,7,29,ALL_US,US,57621985,17005880,21180600,11946061
2019,7,29,ab,CA,31087,23626,31087,23626
2019,7,29,ak,US,84070,29452,27351,17539
2019,7,29,al,US,1219035,345520,466997,253543
2019,7,29,ar,US,655732,196308,260040,142123
2019,7,29,as,US,38,30,32,27
2019,7,29,az,US,1064308,325303,375486,224876
2019,7,29,bc,CA,38437,29755,38437,29755
2019,7,29,ca,US,6028944,1775545,1952124,1171410
2019,7,29,co,US,927240,284174,307564,179384
2019,7,29,ct,US,488584,163823,194674,107594
2019,7,29,dc,US,127298,54275,0,0
2019,7,29,de,US,156401,52625,55674,31509
2019,7,29,fl,US,4409762,1239704,1500678,830343
2019,7,29,ga,US,2390060,661773,874132,470888
2019,7,29,gu,US,1260,656,603,451
2019,7,29,hi,US,282663,73355,65778,41938
2019,7,29,ia,US,591385,184289,243523,131783
2019,7,29,id,US,237454,79494,92049,53261
2019,7,29,il,US,2268423,736308,869162,499697
2019,7,29,in,US,1156623,377327,478877,267648
2019,7,29,ks,US,579217,181455,237387,128963
2019,7,29,ky,US,790219,249463,317112,175296
2019,7,29,la,US,948252,278485,367297,200936
2019,7,29,ma,US,921136,304411,332879,187173
2019,7,29,mb,CA,8062,5884,8062,5884
2019,7,29,md,US,947396,311322,348242,198824
2019,7,29,me,US,164834,56454,63413,36167
2019,7,29,mi,US,1630122,554230,686183,393754
2019,7,29,mn,US,863480,276465,335233,190040
2019,7,29,mo,US,1260113,389190,479412,269832
2019,7,29,mp,US,461,327,456,325
2019,7,29,ms,US,656636,191103,258538,139749
2019,7,29,mt,US,133729,44271,45980,26580
2019,7,29,nb,CA,4648,3304,4648,3304
2019,7,29,nc,US,2015879,613325,777371,427970
2019,7,29,nd,US,132151,43620,52880,29544
2019,7,29,ne,US,395249,122309,161175,87629
2019,7,29,nh,US,190134,64630,75294,41779
2019,7,29,nj,US,1658642,518728,623130,338605
2019,7,29,nl,CA,2580,1817,2580,1817
2019,7,29,nm,US,245145,83935,90201,52982
2019,7,29,ns,CA,6054,4328,6054,4328
2019,7,29,nt,CA,191,141,191,141
2019,7,29,nu,CA,98,67,98,67
2019,7,29,nv,US,652142,172418,167715,102218
2019,7,29,ny,US,3123877,992241,1090145,622698
2019,7,29,oh,US,2002614,636440,825943,458283
2019,7,29,ok,US,859855,246361,337730,181434
2019,7,29,on,CA,123633,87143,123633,87143
2019,7,29,or,US,572533,188113,198026,121428
2019,7,29,pa,US,1840374,608649,720299,408677
2019,7,29,pe,CA,857,622,857,622
2019,7,29,pr,US,95173,49242,55397,36746
2019,7,29,qc,CA,48920,34876,48920,34876
2019,7,29,ri,US,148966,51694,55730,31346
2019,7,29,sc,US,1040919,306213,380857,205649
2019,7,29,sd,US,144265,44767,54295,29698
2019,7,29,sk,CA,6925,5223,6925,5223
2019,7,29,tn,US,1418310,415154,523302,287615
2019,7,29,tx,US,5947588,1688617,2167990,1195374
2019,7,29,ut,US,486561,149938,178223,99505
2019,7,29,va,US,1340999,418284,510087,283539
2019,7,29,vi,US,228,142,0,0
2019,7,29,vt,US,63290,24063,26797,15936
2019,7,29,wa,US,1020622,336486,361957,222366
2019,7,29,wi,US,905392,303084,374237,215387
2019,7,29,wv,US,253618,90122,106533,61761
2019,7,29,wy,US,82584,28083,28410,16239
2019,7,29,yt,CA,175,133,175,133
2019,7,30,ALL,"",58200787,17004892,21093731,11988069
2019,7,30,ALL_CA,CA,271602,199950,271602,199950
2019,7,30,ALL_US,US,57929185,16805378,20822129,11788119
2019,7,30,ab,CA,30157,23302,30157,23302
2019,7,30,ak,US,84895,29173,26717,17293
2019,7,30,al,US,1235398,345068,462845,252691
2019,7,30,ar,US,658109,186076,251957,135749
2019,7,30,as,US,38,31,25,22
2019,7,30,az,US,1079808,330239,373919,225474
2019,7,30,bc,CA,36630,28661,36630,28661
2019,7,30,ca,US,6068558,1755904,1924347,1157549
2019,7,30,co,US,931166,282218,302658,177653
2019,7,30,ct,US,489672,162421,192017,107337
2019,7,30,dc,US,131650,55981,0,0
2019,7,30,de,US,155583,52039,55225,31750
2019,7,30,fl,US,4411357,1217150,1464799,815687
2019,7,30,ga,US,2452412,665685,876611,471634
2019,7,30,gu,US,1301,697,626,474
2019,7,30,hi,US,280810,72413,64729,41683
2019,7,30,ia,US,593438,183747,240588,130883
2019,7,30,id,US,239426,77521,90961,52105
2019,7,30,il,US,2279841,688170,832445,465724
2019,7,30,in,US,1162266,352777,462114,252977
2019,7,30,ks,US,587786,180354,235151,127340
2019,7,30,ky,US,797561,253445,314538,177612
2019,7,30,la,US,928422,274553,358164,198491
2019,7,30,ma,US,913645,300343,326625,185843
2019,7,30,mb,CA,8188,6064,8188,6064
2019,7,30,md,US,948509,310380,341838,197594
2019,7,30,me,US,166613,57683,64166,37229
2019,7,30,mi,US,1624456,512486,656510,368935
2019,7,30,mn,US,864440,269079,328367,185500
2019,7,30,mo,US,1290604,375528,467840,258939
2019,7,30,mp,US,480,337,475,334
2019,7,30,ms,US,659162,189046,252638,138033
2019,7,30,mt,US,134446,44234,46369,27116
2019,7,30,nb,CA,4685,3417,4685,3417
2019,7,30,nc,US,2032773,607706,764811,423719
2019,7,30,nd,US,135340,44297,53033,29836
2019,7,30,ne,US,405837,126428,162758,90206
2019,7,30,nh,US,192802,66176,76275,42908
2019,7,30,nj,US,1655741,516261,615164,339266
2019,7,30,nl,CA,2685,1912,2685,1912
2019,7,30,nm,US,242981,82065,87286,51266
2019,7,30,ns,CA,5964,4359,5964,4359
2019,7,30,nt,CA,174,135,174,135
2019,7,30,nu,CA,93,62,93,62
2019,7,30,nv,US,643790,168502,165189,100966
2019,7,30,ny,US,3124604,993014,1072646,622042
2019,7,30,oh,US,2016524,636459,812104,457108
2019,7,30,ok,US,864672,240420,327795,176043
2019,7,30,on,CA,123997,88901,123997,88901
2019,7,30,or,US,578152,184750,194974,119691
2019,7,30,pa,US,1865831,626459,729514,422734
2019,7,30,pe,CA,895,641,895,641
2019,7,30,pr,US,91559,48969,52919,36127
2019,7,30,qc,CA,51065,37061,51065,37061
2019,7,30,ri,US,148496,50258,54000,30435
2019,7,30,sc,US,1048668,304365,374936,203902
2019,7,30,sd,US,145855,45685,54563,30542
2019,7,30,sk,CA,6898,5299,6898,5299
2019,7,30,tn,US,1435963,415496,516580,286840
2019,7,30,tx,US,5951339,1666751,2126219,1179520
2019,7,30,ut,US,487180,147674,176681,98352
2019,7,30,va,US,1354013,419100,504141,283238
2019,7,30,vi,US,219,150,0,0
2019,7,30,vt,US,66493,26611,29322,17948
2019,7,30,wa,US,1025602,331999,357803,220157
2019,7,30,wi,US,904537,287355,361108,205226
2019,7,30,wv,US,255700,91791,108466,64033
2019,7,30,wy,US,82662,28010,28578,16363
2019,7,30,yt,CA,171,136,171,136
2019,7,31,ALL,"",59478560,17120543,21020386,11881837
2019,7,31,ALL_CA,CA,282885,205836,282885,205836
2019,7,31,ALL_US,US,59195675,16915189,20737501,11676001
2019,7,31,ab,CA,32140,24460,32140,24460
2019,7,31,ak,US,85491,28961,26544,16868
2019,7,31,al,US,1276222,350456,459868,251373
2019,7,31,ar,US,671683,188154,251114,135469
2019,7,31,as,US,35,32,25,25
2019,7,31,az,US,1101177,321579,371705,220290
2019,7,31,bc,CA,37930,29286,37930,29286
2019,7,31,ca,US,6182131,1771370,1931104,1153061
2019,7,31,co,US,954658,283687,304311,176981
2019,7,31,ct,US,493388,168679,192844,108531
2019,7,31,dc,US,132857,56689,0,0
2019,7,31,de,US,161841,54360,56747,32497
2019,7,31,fl,US,4487269,1245166,1471804,818354
2019,7,31,ga,US,2547603,669688,869930,468823
2019,7,31,gu,US,1233,647,608,454
2019,7,31,hi,US,288563,73077,65789,41662
2019,7,31,ia,US,604319,186448,239182,129932
2019,7,31,id,US,242360,77820,90281,51639
2019,7,31,il,US,2344820,701388,830609,463945
2019,7,31,in,US,1187760,352185,458628,247693
2019,7,31,ks,US,604616,187833,239435,131492
2019,7,31,ky,US,815832,248666,307288,169864
2019,7,31,la,US,984028,273235,358610,194615
2019,7,31,ma,US,935985,314541,327553,186741
2019,7,31,mb,CA,8862,6463,8862,6463
2019,7,31,md,US,971206,318311,343421,197658
2019,7,31,me,US,168556,57416,63087,36250
2019,7,31,mi,US,1652361,509396,647282,361112
2019,7,31,mn,US,878434,272129,324591,183393
2019,7,31,mo,US,1323775,385009,468229,260360
2019,7,31,mp,US,430,313,428,312
2019,7,31,ms,US,677275,188833,251514,136524
2019,7,31,mt,US,135791,43149,45599,26181
2019,7,31,nb,CA,5017,3614,5017,3614
2019,7,31,nc,US,2083873,622479,768466,427358
2019,7,31,nd,US,137802,45417,52512,29765
2019,7,31,ne,US,414769,126314,160037,87480
2019,7,31,nh,US,194841,65863,74561,41600
2019,7,31,nj,US,1648735,529309,614341,341312
2019,7,31,nl,CA,2898,2065,2898,2065
2019,7,31,nm,US,251063,82938,87564,50736
2019,7,31,ns,CA,6483,4624,6483,4624
2019,7,31,nt,CA,208,144,208,144
2019,7,31,nu,CA,98,61,98,61
2019,7,31,nv,US,651387,169168,166333,100738
2019,7,31,ny,US,3142106,996228,1056765,607979
2019,7,31,oh,US,2055534,620980,801369,441703
2019,7,31,ok,US,888580,243431,327101,175398
2019,7,31,on,CA,128266,91075,128266,91075
2019,7,31,or,US,589578,185676,196740,119156
2019,7,31,pa,US,1883068,624068,710389,407812
2019,7,31,pe,CA,973,686,973,686
2019,7,31,pr,US,101964,53923,57100,38728
2019,7,31,qc,CA,52528,37647,52528,37647
2019,7,31,ri,US,152923,52828,54156,30757
2019,7,31,sc,US,1073237,307614,374327,203491
2019,7,31,sd,US,146598,45097,53565,29543
2019,7,31,sk,CA,7286,5557,7286,5557
2019,7,31,tn,US,1469983,414008,513292,282497
2019,7,31,tx,US,6149925,1673562,2113912,1162525
2019,7,31,ut,US,488747,149421,174110,97527
2019,7,31,va,US,1379282,422273,504354,282582
2019,7,31,vi,US,219,141,0,0
2019,7,31,vt,US,65402,24967,26890,16130
2019,7,31,wa,US,1050984,331008,359507,218770
2019,7,31,wi,US,922654,288353,359210,203008
2019,7,31,wv,US,257120,90065,104888,61218
2019,7,31,wy,US,83602,28164,27882,16089
2019,7,31,yt,CA,196,154,196,154
